Workbook
Name SKD440型库存明细: 空白表格!$A$1:$I$1
Name SKD440型库存明细: 'SKD440 型'!$A$1:$I$1
Name SKD440型库存明细: 其它型号!$A$1:$I$1
Name SKD440型库存明细: '插销销子-钢丝'!$A$1:$I$1
Name SKD440型库存明细: '空白表格 (2)'!$A$1:$I$1
Name SKD440型库存明细: '201-45#发黑系列'!$A$1:$I$1
Name SKD440型库存明细: 密实螺套型!$A$1:$I$1

Sheet 总汇
A1: 三诚-分类汇总明细 | I1: 备货成本统计
A2: 类别 | B2: 本月入库总汇 | C2: 本月出库总汇 | D2: 上月库存 | E2: 现库存 | F2: 增浮率
A3: 常规 | I3: 302槽型
A4: 特殊常规-薄壁型 | I4: 307孔型
A5: 内外牙 | I5: 308孔型
A6: 内外牙一字槽 | I6: 带帽子型
A7: 非标槽型 | I7: 盲孔型
A8: 非标孔型 | I8: 303薄壁型
A9: 螺母-H-E型 | I9: 201型有槽
A10: 特殊非标 | I10: 200型无槽
A11: 特殊材质 | I11: 插销螺套
A12: 安装工具
A13: 插销螺套
A14: 插销胚料 | I14: 合计：
A15: 汇总：
J21: =SUM(J3:J20) -> 0

Sheet 302槽型
A1: 302槽型自攻螺套库存明细
A2: 日期 | B2: 46023 | D2: 本月入库统计 | H2: 每日入库统计
D3: 本月出库统计 | H3: 每日出库统计
A4: 序号 | B4: 类别 | C4: 规格 | D4: 材质 | E4: 上月结存 | F4: 单位 | G4: 现库存 | H4: 入/出库 | I4: 汇总 | J4: 46023 | K4: 46024 | L4: 46025 | M4: 46026 | N4: 46027 | O4: 46028 | P4: 46029 | Q4: 46030 | R4: 46031 | S4: 46032 | T4: 46033 | U4: 46034 | V4: 46035 | W4: 46036 | X4: 46037 | Y4: 46038 | Z4: 46039 | AA4: 46040 | AB4: 46041 | AC4: 46042 | AD4: 46043 | AE4: 46044 | AF4: 46045 | AG4: 46046 | AH4: 46047 | AI4: 46048 | AJ4: 46049 | AK4: 46050 | AL4: 46051 | AM4: 46052 | AN4: 46053 | AO4: 46054
A5: 1 | B5: 302槽型 | C5: M2*0.4-L6-M4.5*0.5 | D5: SUS303 | E5: 4937 | F5: pcs | G5: =E5+I5-I6 -> 4937 | H5: 入库 | I5: =SUM(J5:AO5) -> 0
H6: 出库 | I6: =SUM(J6:AO6) -> 0
A7: 2 | B7: 302槽型 | C7: M2*0.4-L6-M4.5*0.5 | D7: 1215黄锌 | E7: 11 | F7: pcs | G7: =E7+I7-I8 -> 11 | H7: 入库 | I7: =SUM(J7:AO7) -> 0
H8: 出库 | I8: =SUM(J8:AO8) -> 0
A9: 3 | B9: 非标槽型 | C9: M2*0.4-L4-M4.5*0.5 | D9: SUS303 | E9: 2150 | F9: pcs | G9: =E9+I9-I10 -> 2150 | H9: 入库 | I9: =SUM(J9:AO9) -> 0
H10: 出库 | I10: =SUM(J10:AO10) -> 0
A11: 4 | B11: 302槽型 | C11: M2.5*0.45-L6-M4.5*0.5 | D11: SUS303 | E11: 29741 | F11: pcs | G11: =E11+I11-I12 -> 29741 | H11: 入库 | I11: =SUM(J11:AO11) -> 0
H12: 出库 | I12: =SUM(J12:AO12) -> 0
A13: 5 | B13: 302槽型 | C13: M2.5*0.45-L6-M4.5*0.5 | D13: 1215黄锌 | E13: 3506 | F13: pcs | G13: =E13+I13-I14 -> 3506 | H13: 入库 | I13: =SUM(J13:AO13) -> 0
H14: 出库 | I14: =SUM(J14:AO14) -> 0
A15: 6 | B15: 302槽型 | C15: M2.5*0.45-L6-M4.5*0.5 | D15: 1215彩锌 | E15: 4000 | F15: pcs | G15: =E15+I15-I16 -> 4000 | H15: 入库 | I15: =SUM(J15:AO15) -> 0
H16: 出库 | I16: =SUM(J16:AO16) -> 0
A17: 7 | B17: 302槽型 | C17: M3*0.5-L6-M5*0.5 | D17: SUS303 | E17: 9285 | F17: pcs | G17: =E17+I17-I18 -> 15235 | H17: 入库 | I17: =SUM(J17:AO17) -> 20000 | AD17: 20000
H18: 出库 | I18: =SUM(J18:AO18) -> 14050 | Q18: 4000 | X18: 1050 | AE18: 9000
A19: 8 | B19: 302槽型 | C19: M3*0.5-L6-M5*0.5 | D19: 1215黄锌 | E19: 3315 | F19: pcs | G19: =E19+I19-I20 -> 3315 | H19: 入库 | I19: =SUM(J19:AO19) -> 0
H20: 出库 | I20: =SUM(J20:AO20) -> 0
A21: 9 | B21: 302槽型 | C21: M3*0.5-L6-M5*0.5 | D21: 1215蓝锌 | E21: 2270 | F21: pcs | G21: =E21+I21-I22 -> 2270 | H21: 入库 | I21: =SUM(J21:AO21) -> 0
H22: 出库 | I22: =SUM(J22:AO22) -> 0
A23: 10 | B23: 302槽型 | C23: M3*0.5-L6-M5*0.5 | D23: 1215彩锌 | E23: 5000 | F23: pcs | G23: =E23+I23-I24 -> 5000 | H23: 入库 | I23: =SUM(J23:AO23) -> 0
H24: 出库 | I24: =SUM(J24:AO24) -> 0
A25: 11 | B25: 非标槽型 | C25: M3*0.5-L7.5-M6.5*0.75 | D25: C3604 | E25: 340 | F25: pcs | G25: =E25+I25-I26 -> 340 | H25: 入库 | I25: =SUM(J25:AO25) -> 0
H26: 出库 | I26: =SUM(J26:AO26) -> 0
A27: 13 | B27: 非标槽型 | C27: M3*0.5-L3-M5*0.5 | D27: 304F | E27: 0 | F27: pcs | G27: =E27+I27-I28 -> 330 | H27: 入库 | I27: =SUM(J27:AO27) -> 5330 | K27: =4600+730 -> 5330
H28: 出库 | I28: =SUM(J28:AO28) -> 5000 | K28: 5000
A29: 13 | B29: 非标槽型 | C29: M3*0.5-L3.5-M5*0.5 | D29: SUS303 | E29: 2225 | F29: pcs | G29: =E29+I29-I30 -> 2225 | H29: 入库 | I29: =SUM(J29:AO29) -> 0
H30: 出库 | I30: =SUM(J30:AO30) -> 0
A31: 12 | B31: 非标槽型 | C31: M3*0.5-L4-M5*0.5 | D31: SUS303 | E31: 29675 | F31: pcs | G31: =E31+I31-I32 -> 29675 | H31: 入库 | I31: =SUM(J31:AO31) -> 0
H32: 出库 | I32: =SUM(J32:AO32) -> 0
A33: 13 | B33: 非标槽型 | C33: M3*0.5-L5-M5*0.5 | D33: SUS303 | E33: 0 | F33: pcs | G33: =E33+I33-I34 -> 0 | H33: 入库 | I33: =SUM(J33:AO33) -> 0
H34: 出库 | I34: =SUM(J34:AO34) -> 0
A35: 14 | B35: 非标槽型 | C35: M3*0.5-L8-M5*0.5 | D35: SUS303 | E35: 13680 | F35: pcs | G35: =E35+I35-I36 -> 13680 | H35: 入库 | I35: =SUM(J35:AO35) -> 0
H36: 出库 | I36: =SUM(J36:AO36) -> 0
A37: 15 | B37: 非标槽型 | C37: M3*0.5-L10-M5*0.5 | D37: SUS303 | E37: 1266 | F37: pcs | G37: =E37+I37-I38 -> 1266 | H37: 入库 | I37: =SUM(J37:AO37) -> 0
H38: 出库 | I38: =SUM(J38:AO38) -> 0
A39: 15 | B39: 非标槽型 | C39: M3*0.5-L12-M5*0.5 | D39: SUS303 | E39: 0 | F39: pcs | G39: =E39+I39-I40 -> 480 | H39: 入库 | I39: =SUM(J39:AO39) -> 1480 | O39: 1480
H40: 出库 | I40: =SUM(J40:AO40) -> 1000 | O40: 1000
A41: 16 | B41: 非标槽型 | C41: M3.5*0.6-L6-M5*0.5 | D41: 1215黄锌 | E41: 810 | F41: pcs | G41: =E41+I41-I42 -> 810 | H41: 入库 | I41: =SUM(J41:AO41) -> 0
H42: 出库 | I42: =SUM(J42:AO42) -> 0
A43: 17 | B43: 302槽型 | C43: M4*0.7-L8-M6.5*0.75 | D43: SUS303 | E43: 20572 | F43: pcs | G43: =E43+I43-I44 -> 17412 | H43: 入库 | I43: =SUM(J43:AO43) -> 0
H44: 出库 | I44: =SUM(J44:AO44) -> 3160 | V44: 3160
A45: 18 | B45: 302槽型 | C45: M4*0.7-L8-M6.5*0.75 | D45: 1215黄锌 | E45: 17215 | F45: pcs | G45: =E45+I45-I46 -> 16815 | H45: 入库 | I45: =SUM(J45:AO45) -> 0
H46: 出库 | I46: =SUM(J46:AO46) -> 400 | AE46: 400
A47: 19 | B47: 302槽型 | C47: M4*0.7-L8-M6.5*0.75 | D47: 1215蓝锌 | E47: 21950 | F47: pcs | G47: =E47+I47-I48 -> 16950 | H47: 入库 | I47: =SUM(J47:AO47) -> 0
H48: 出库 | I48: =SUM(J48:AO48) -> 5000 | AL48: 5000
A49: 20 | B49: 302槽型 | C49: M4*0.7-L8-M6.5*0.75 | D49: 316材质 | E49: 1940 | F49: pcs | G49: =E49+I49-I50 -> 1940 | H49: 入库 | I49: =SUM(J49:AO49) -> 0
H50: 出库 | I50: =SUM(J50:AO50) -> 0
A51: 21 | B51: 302槽型 | C51: M4*0.7-L8-M6.5*0.75 | D51: 304材质 | E51: 4000 | F51: pcs | G51: =E51+I51-I52 -> 4000 | H51: 入库 | I51: =SUM(J51:AO51) -> 0
H52: 出库 | I52: =SUM(J52:AO52) -> 0
A53: 22 | B53: 302槽型 | C53: M4*0.7-L8-M6.5*0.75 | D53: C3604 | E53: 1345 | F53: pcs | G53: =E53+I53-I54 -> 1345 | H53: 入库 | I53: =SUM(J53:AO53) -> 0
H54: 出库 | I54: =SUM(J54:AO54) -> 0
A55: 23 | B55: 3022型 | C55: M4*0.7-L8-M6.5*0.75（内六角） | D55: SUS303 | E55: 1800 | F55: pcs | G55: =E55+I55-I56 -> 1800 | H55: 入库 | I55: =SUM(J55:AO55) -> 0
H56: 出库 | I56: =SUM(J56:AO56) -> 0
A57: 24 | B57: 3022型 | C57: M4*0.7-L8-M6.5*0.75（内六角） | D57: 1215蓝锌 | E57: 1400 | F57: pcs | G57: =E57+I57-I58 -> 1400 | H57: 入库 | I57: =SUM(J57:AO57) -> 0
H58: 出库 | I58: =SUM(J58:AO58) -> 0
A59: 25 | B59: 非标槽型 | C59: M4*0.7-L8-M6*0.75 | D59: SUS303 | E59: 880 | F59: pcs | G59: =E59+I59-I60 -> 880 | H59: 入库 | I59: =SUM(J59:AO59) -> 0
H60: 出库 | I60: =SUM(J60:AO60) -> 0
A61: 26 | B61: 非标槽型 | C61: M4*0.7-L10-M6*0.75 | D61: C3604 | E61: 180 | F61: pcs | G61: =E61+I61-I62 -> 180 | H61: 入库 | I61: =SUM(J61:AO61) -> 0
H62: 出库 | I62: =SUM(J62:AO62) -> 0
A63: 27 | B63: 非标槽型 | C63: M4*0.7-L3-M6.5*0.75 | D63: 304材质 | E63: 1190 | F63: pcs | G63: =E63+I63-I64 -> 1190 | H63: 入库 | I63: =SUM(J63:AO63) -> 0
H64: 出库 | I64: =SUM(J64:AO64) -> 0
A65: 28 | B65: 非标槽型 | C65: M4*0.7-L3.5-M6.5*0.75 | D65: SUS303 | E65: 450 | F65: pcs | G65: =E65+I65-I66 -> 450 | H65: 入库 | I65: =SUM(J65:AO65) -> 0
H66: 出库 | I66: =SUM(J66:AO66) -> 0
A67: 29 | B67: 非标槽型 | C67: M4*0.7-L4-M6.5*0.75 | D67: SUS303 | E67: 5580 | F67: pcs | G67: =E67+I67-I68 -> 5080 | H67: 入库 | I67: =SUM(J67:AO67) -> 0
H68: 出库 | I68: =SUM(J68:AO68) -> 500 | AC68: 500
A69: 29 | B69: 非标槽型 | C69: M4*0.7-L4-M6.5*0.75 | D69: 国标304 | E69: 155 | F69: pcs | G69: =E69+I69-I70 -> 155 | H69: 入库 | I69: =SUM(J69:AO69) -> 0
H70: 出库 | I70: =SUM(J70:AO70) -> 0
A71: 30 | B71: 非标槽型 | C71: M4*0.7-L5-M6.5*0.75 | D71: SUS303 | E71: 11830 | F71: pcs | G71: =E71+I71-I72 -> 8830 | H71: 入库 | I71: =SUM(J71:AO71) -> 0
H72: 出库 | I72: =SUM(J72:AO72) -> 3000 | AC72: 3000
A73: 31 | B73: 非标槽型 | C73: M4*0.7-L5-M6.5*0.75 | D73: 304材质 | E73: 2815 | F73: pcs | G73: =E73+I73-I74 -> 2815 | H73: 入库 | I73: =SUM(J73:AO73) -> 0
H74: 出库 | I74: =SUM(J74:AO74) -> 0
A75: 32 | B75: 非标槽型 | C75: M4*0.7-L5.5-M6.5*0.75 | D75: SUS303 | E75: 4535 | F75: pcs | G75: =E75+I75-I76 -> 3535 | H75: 入库 | I75: =SUM(J75:AO75) -> 0
H76: 出库 | I76: =SUM(J76:AO76) -> 1000 | AD76: 1000
A77: 33 | B77: 非标槽型 | C77: M4*0.7-L6-M6.5*0.75 | D77: SUS303 | E77: 7 | F77: pcs | G77: =E77+I77-I78 -> 1507 | H77: 入库 | I77: =SUM(J77:AO77) -> 10000 | L77: 5000 | Y77: 5000
H78: 出库 | I78: =SUM(J78:AO78) -> 8500 | L78: 3500 | Z78: 5000
A79: 34 | B79: 非标槽型 | C79: M4*0.7-L6-M6.5*0.75 | D79: 304材质 | E79: 35 | F79: pcs | G79: =E79+I79-I80 -> 35 | H79: 入库 | I79: =SUM(J79:AO79) -> 0
H80: 出库 | I80: =SUM(J80:AO80) -> 0
A81: 35 | B81: 非标槽型 | C81: M4*0.7-L6-M6.5*0.75 | D81: 1215黄锌 | E81: 779 | F81: pcs | G81: =E81+I81-I82 -> 779 | H81: 入库 | I81: =SUM(J81:AO81) -> 0
H82: 出库 | I82: =SUM(J82:AO82) -> 0
A83: 34 | B83: 非标槽型 | C83: M4*0.7-L7-M6.5*0.75 | D83: 304材质 | E83: 235 | F83: pcs | G83: =E83+I83-I84 -> 235 | H83: 入库 | I83: =SUM(J83:AO83) -> 0
H84: 出库 | I84: =SUM(J84:AO84) -> 0
A85: 36 | B85: 非标槽型 | C85: M4*0.7-L10-M6.5*0.75 | D85: SUS303 | E85: 3055 | F85: pcs | G85: =E85+I85-I86 -> 3055 | H85: 入库 | I85: =SUM(J85:AO85) -> 0
H86: 出库 | I86: =SUM(J86:AO86) -> 0
A87: 37 | B87: 非标槽型 | C87: M4*0.7-L10-M6.5*0.75 | D87: 304材质 | E87: 630 | F87: pcs | G87: =E87+I87-I88 -> 630 | H87: 入库 | I87: =SUM(J87:AO87) -> 0
H88: 出库 | I88: =SUM(J88:AO88) -> 0
A89: 38 | B89: 非标槽型 | C89: M4*0.7-L12-M6.5*0.75 | D89: SUS303 | E89: 13500 | F89: pcs | G89: =E89+I89-I90 -> 13500 | H89: 入库 | I89: =SUM(J89:AO89) -> 0
H90: 出库 | I90: =SUM(J90:AO90) -> 0
A91: 39 | B91: 非标槽型 | C91: M4*0.7-L14-M6.5*0.75 | D91: SUS303 | E91: 190 | F91: pcs | G91: =E91+I91-I92 -> 190 | H91: 入库 | I91: =SUM(J91:AO91) -> 0
H92: 出库 | I92: =SUM(J92:AO92) -> 0
A93: 40 | B93: 非标槽型 | C93: M4*0.7-L15-M6.5*0.75 | D93: SUS303 | E93: 445 | F93: pcs | G93: =E93+I93-I94 -> 445 | H93: 入库 | I93: =SUM(J93:AO93) -> 0
H94: 出库 | I94: =SUM(J94:AO94) -> 0
A95: 41 | B95: 非标槽型 | C95: M4*0.7-L8-M7.5*0.75 | D95: SUS303 | E95: 500 | F95: pcs | G95: =E95+I95-I96 -> 500 | H95: 入库 | I95: =SUM(J95:AO95) -> 0
H96: 出库 | I96: =SUM(J96:AO96) -> 0
A97: 42 | B97: 302槽型 | C97: M5*0.8-L10-M8*1.0 | D97: SUS303 | E97: 52712 | F97: pcs | G97: =E97+I97-I98 -> 47612 | H97: 入库 | I97: =SUM(J97:AO97) -> 0
H98: 出库 | I98: =SUM(J98:AO98) -> 5100 | S98: 100 | AI98: 1000 | AJ98: 4000
A99: 43 | B99: 302槽型 | C99: M5*0.8-L10-M8*1.0 | D99: 1215黄锌 | E99: 13695 | F99: pcs | G99: =E99+I99-I100 -> 11695 | H99: 入库 | I99: =SUM(J99:AO99) -> 0
H100: 出库 | I100: =SUM(J100:AO100) -> 2000 | AB100: 2000
...

Sheet 307孔型 短
A1: 307孔型自攻螺套库存明细
A2: 日期 | B2: ='302槽型'!B2 -> 46023 | D2: 本月入库统计 | H2: 每日入库统计 | J2: =SUMIF($H:$H,#REF!,J:J) -> 0 | K2: =SUMIF($H:$H,#REF!,K:K) -> 0 | L2: =SUMIF($H:$H,#REF!,L:L) -> 0 | M2: =SUMIF($H:$H,#REF!,M:M) -> 0 | N2: =SUMIF($H:$H,#REF!,N:N) -> 0 | O2: =SUMIF($H:$H,#REF!,O:O) -> 0 | P2: =SUMIF($H:$H,#REF!,P:P) -> 0 | Q2: =SUMIF($H:$H,#REF!,Q:Q) -> 0 | R2: =SUMIF($H:$H,#REF!,R:R) -> 0 | S2: =SUMIF($H:$H,#REF!,S:S) -> 0 | T2: =SUMIF($H:$H,#REF!,T:T) -> 0 | U2: =SUMIF($H:$H,#REF!,U:U) -> 0 | V2: =SUMIF($H:$H,#REF!,V:V) -> 0 | W2: =SUMIF($H:$H,#REF!,W:W) -> 0 | X2: =SUMIF($H:$H,#REF!,X:X) -> 0 | Y2: =SUMIF($H:$H,#REF!,Y:Y) -> 0 | Z2: =SUMIF($H:$H,#REF!,Z:Z) -> 0 | AA2: =SUMIF($H:$H,#REF!,AA:AA) -> 0 | AB2: =SUMIF($H:$H,#REF!,AB:AB) -> 0 | AC2: =SUMIF($H:$H,#REF!,AC:AC) -> 0 | AD2: =SUMIF($H:$H,#REF!,AD:AD) -> 0 | AE2: =SUMIF($H:$H,#REF!,AE:AE) -> 0 | AF2: =SUMIF($H:$H,#REF!,AF:AF) -> 0 | AG2: =SUMIF($H:$H,#REF!,AG:AG) -> 0 | AH2: =SUMIF($H:$H,#REF!,AH:AH) -> 0 | AI2: =SUMIF($H:$H,#REF!,AI:AI) -> 0 | AJ2: =SUMIF($H:$H,#REF!,AJ:AJ) -> 0 | AK2: =SUMIF($H:$H,#REF!,AK:AK) -> 0 | AL2: =SUMIF($H:$H,#REF!,AL:AL) -> 0 | AM2: =SUMIF($H:$H,#REF!,AM:AM) -> 0 | AN2: =SUMIF($H:$H,#REF!,AN:AN) -> 0
D3: 本月出库统计 | H3: 每日出库统计 | J3: =SUMIF($H:$H,#REF!,J:J) -> 0 | K3: =SUMIF($H:$H,#REF!,K:K) -> 0 | L3: =SUMIF($H:$H,#REF!,L:L) -> 0 | M3: =SUMIF($H:$H,#REF!,M:M) -> 0 | N3: =SUMIF($H:$H,#REF!,N:N) -> 0 | O3: =SUMIF($H:$H,#REF!,O:O) -> 0 | P3: =SUMIF($H:$H,#REF!,P:P) -> 0 | Q3: =SUMIF($H:$H,#REF!,Q:Q) -> 0 | R3: =SUMIF($H:$H,#REF!,R:R) -> 0 | S3: =SUMIF($H:$H,#REF!,S:S) -> 0 | T3: =SUMIF($H:$H,#REF!,T:T) -> 0 | U3: =SUMIF($H:$H,#REF!,U:U) -> 0 | V3: =SUMIF($H:$H,#REF!,V:V) -> 0 | W3: =SUMIF($H:$H,#REF!,W:W) -> 0 | X3: =SUMIF($H:$H,#REF!,X:X) -> 0 | Y3: =SUMIF($H:$H,#REF!,Y:Y) -> 0 | Z3: =SUMIF($H:$H,#REF!,Z:Z) -> 0 | AA3: =SUMIF($H:$H,#REF!,AA:AA) -> 0 | AB3: =SUMIF($H:$H,#REF!,AB:AB) -> 0 | AC3: =SUMIF($H:$H,#REF!,AC:AC) -> 0 | AD3: =SUMIF($H:$H,#REF!,AD:AD) -> 0 | AE3: =SUMIF($H:$H,#REF!,AE:AE) -> 0 | AF3: =SUMIF($H:$H,#REF!,AF:AF) -> 0 | AG3: =SUMIF($H:$H,#REF!,AG:AG) -> 0 | AH3: =SUMIF($H:$H,#REF!,AH:AH) -> 0 | AI3: =SUMIF($H:$H,#REF!,AI:AI) -> 0 | AJ3: =SUMIF($H:$H,#REF!,AJ:AJ) -> 0 | AK3: =SUMIF($H:$H,#REF!,AK:AK) -> 0 | AL3: =SUMIF($H:$H,#REF!,AL:AL) -> 0 | AM3: =SUMIF($H:$H,#REF!,AM:AM) -> 0 | AN3: =SUMIF($H:$H,#REF!,AN:AN) -> 0
A4: 序号 | B4: 类别 | C4: 规格 | D4: 材质 | E4: 上月结存 | F4: 单位 | G4: 现库存 | H4: 入/出库 | I4: 汇总 | J4: ='302槽型'!J4 -> 46023 | K4: ='302槽型'!K4 -> 46024 | L4: ='302槽型'!L4 -> 46025 | M4: ='302槽型'!M4 -> 46026 | N4: ='302槽型'!N4 -> 46027 | O4: ='302槽型'!O4 -> 46028 | P4: ='302槽型'!P4 -> 46029 | Q4: ='302槽型'!Q4 -> 46030 | ... AN4: ='302槽型'!AN4 -> 46053
A5: 1 | B5: 307孔型 | C5: M2*0.4-L4-M4.5*0.5 | D5: SUS303 | E5: 2107 | F5: pcs | G5: =E5+I5-I6 -> 2107 | H5: 入库 | I5: =SUM(J5:AO5) -> 0
H6: 出库 | I6: =SUM(J6:AO6) -> 0
A7: 2 | B7: 307孔型 | C7: M2*0.4-L4-M4.5*0.5 | D7: 1215 蓝锌 | E7: 2376 | F7: pcs | G7: =E7+I7-I8 -> 2376 | H7: 入库 | I7: =SUM(J7:AO7) -> 0
H8: 出库 | I8: =SUM(J8:AO8) -> 0
A9: 3 | B9: 307孔型 | C9: M2.5*0.45-L4-M4.5*0.5 | D9: SUS303 | E9: 2390 | F9: pcs | G9: =E9+I9-I10 -> 2390 | H9: 入库 | I9: =SUM(J9:AO9) -> 0
H10: 出库 | I10: =SUM(J10:AO10) -> 0
A11: 4 | B11: 307孔型 | C11: M2.5*0.45-L4-M4.5*0.5 | D11: 1215 蓝锌 | E11: 2850 | F11: pcs | G11: =E11+I11-I12 -> 2850 | H11: 入库 | I11: =SUM(J11:AO11) -> 0
H12: 出库 | I12: =SUM(J12:AO12) -> 0
A13: 5 | B13: 307孔型 | C13: M3*0.5-L4-M5*0.6 | D13: SUS303 | E13: 75137 | F13: pcs | G13: =E13+I13-I14 -> 72967 | H13: 入库 | I13: =SUM(J13:AO13) -> 0
H14: 出库 | I14: =SUM(J14:AO14) -> 2170 | S14: 20 | V14: 350 | Y14: =300+1000 -> 1300 | AB14: 500
A15: 6 | B15: 307孔型 | C15: M3*0.5-L4-M5*0.6 | D15: 1215 黄锌 | E15: 60966 | F15: pcs | G15: =E15+I15-I16 -> 60966 | H15: 入库 | I15: =SUM(J15:AO15) -> 0
H16: 出库 | I16: =SUM(J16:AO16) -> 0
A17: 7 | B17: 307孔型 | C17: M3*0.5-L4-M5*0.6 | D17: 1215 蓝锌 | E17: 200 | F17: pcs | G17: =E17+I17-I18 -> 200 | H17: 入库 | I17: =SUM(J17:AO17) -> 0
H18: 出库 | I18: =SUM(J18:AO18) -> 0
A19: 8 | B19: 307孔型 | C19: M4*0.7-L6-M6.5*0.8 | D19: SUS303 | E19: 34340 | F19: pcs | G19: =E19+I19-I20 -> 30820 | H19: 入库 | I19: =SUM(J19:AO19) -> 0
H20: 出库 | I20: =SUM(J20:AO20) -> 3520 | V20: 20 | Y20: =400+1000 -> 1400 | Z20: 1100 | AB20: 1000
A21: 9 | B21: 307孔型 | C21: M4*0.7-L6-M6.5*0.8 | D21: 1215 蓝锌 | E21: 135 | F21: pcs | G21: =E21+I21-I22 -> 135 | H21: 入库 | I21: =SUM(J21:AO21) -> 0
H22: 出库 | I22: =SUM(J22:AO22) -> 0
A23: 10 | B23: 3072型 | C23: M4*0.7-L6-M6.5*0.8(内六角) | D23: SUS303 | E23: 1075 | F23: pcs | G23: =E23+I23-I24 -> 1075 | H23: 入库 | I23: =SUM(J23:AO23) -> 0
H24: 出库 | I24: =SUM(J24:AO24) -> 0
A25: 11 | B25: 3072型 | C25: M4*0.7-L6-M6.5*0.8(内六角) | D25: 1215 蓝锌 | E25: 10 | F25: pcs | G25: =E25+I25-I26 -> 10 | H25: 入库 | I25: =SUM(J25:AO25) -> 0
H26: 出库 | I26: =SUM(J26:AO26) -> 0
A27: 12 | B27: 307孔型 | C27: M4*0.7-L6-M6.5*0.8 | D27: 1215 黄锌 | E27: 40988 | F27: pcs | G27: =E27+I27-I28 -> 40988 | H27: 入库 | I27: =SUM(J27:AO27) -> 0
H28: 出库 | I28: =SUM(J28:AO28) -> 0
A29: 13 | B29: 307孔型 | C29: M5*0.8-L7-M8*1.0 | D29: SUS303 | E29: 115415 | F29: pcs | G29: =E29+I29-I30 -> 64415 | H29: 入库 | I29: =SUM(J29:AO29) -> 0
H30: 出库 | I30: =SUM(J30:AO30) -> 51000 | Y30: 500 | AB30: 500 | AI30: 50000
A31: 14 | B31: 3072型 | C31: M5*0.8-L7-M8*1.0（内六角） | D31: SUS303 | E31: 1030 | F31: pcs | G31: =E31+I31-I32 -> 1030 | H31: 入库 | I31: =SUM(J31:AO31) -> 0
H32: 出库 | I32: =SUM(J32:AO32) -> 0
A33: 15 | B33: 3072型 | C33: M5*0.8-L7-M8*1.0（内六角） | D33: 1215 蓝锌 | E33: 230 | F33: pcs | G33: =E33+I33-I34 -> 230 | H33: 入库 | I33: =SUM(J33:AO33) -> 0
H34: 出库 | I34: =SUM(J34:AO34) -> 0
A35: 16 | B35: 307孔型 | C35: M5*0.8-L7-M8*1.0 | D35: SUS303(盐雾240H) | E35: 9000 | F35: pcs | G35: =E35+I35-I36 -> 9000 | H35: 入库 | I35: =SUM(J35:AO35) -> 0
H36: 出库 | I36: =SUM(J36:AO36) -> 0
A37: 17 | B37: 307孔型 | C37: M5*0.8-L7-M8*1.0 | D37: 1215 黄锌 | E37: 39376 | F37: pcs | G37: =E37+I37-I38 -> 39376 | H37: 入库 | I37: =SUM(J37:AO37) -> 0
H38: 出库 | I38: =SUM(J38:AO38) -> 0
A39: 18 | B39: 307孔型 | C39: M5*0.8-L7-M8*1.0 | D39: 1215 蓝锌 | E39: 1258 | F39: pcs | G39: =E39+I39-I40 -> 1258 | H39: 入库 | I39: =SUM(J39:AO39) -> 0
H40: 出库 | I40: =SUM(J40:AO40) -> 0
A41: 19 | B41: 307孔型 | C41: M6*1.0-L8-M10*1.25 | D41: SUS303 | E41: 53997 | F41: pcs | G41: =E41+I41-I42 -> 36974 | H41: 入库 | I41: =SUM(J41:AO41) -> 0
H42: 出库 | I42: =SUM(J42:AO42) -> 17023 | V42: 20 | Z42: 6000 | AB42: 1000 | AG42: 10000 | AL42: 3
A43: 20 | B43: 3072型 | C43: M6*1.0-L8-M10*1.25(内六角) | D43: SUS303 | E43: 1520 | F43: pcs | G43: =E43+I43-I44 -> 1520 | H43: 入库 | I43: =SUM(J43:AO43) -> 0
H44: 出库 | I44: =SUM(J44:AO44) -> 0
A45: 21 | B45: 3072型 | C45: M6*1.0-L8-M10*1.25(内六角) | D45: 1215 蓝锌 | E45: 1385 | F45: pcs | G45: =E45+I45-I46 -> 1385 | H45: 入库 | I45: =SUM(J45:AO45) -> 0
H46: 出库 | I46: =SUM(J46:AO46) -> 0
A47: 22 | B47: 307孔型 | C47: M6*1.0-L8-M10*1.25 | D47: 1215 黄锌 | E47: 13582 | F47: pcs | G47: =E47+I47-I48 -> 13582 | H47: 入库 | I47: =SUM(J47:AO47) -> 0
H48: 出库 | I48: =SUM(J48:AO48) -> 0
A49: 23 | B49: 307孔型 | C49: M6*1.0-L8-M10*1.25 | D49: 1215 蓝锌 | E49: 21270 | F49: pcs | G49: =E49+I49-I50 -> 34345 | H49: 入库 | I49: =SUM(J49:AO49) -> 13075 | N49: 13075
H50: 出库 | I50: =SUM(J50:AO50) -> 0
A51: 24 | B51: 307孔型 | C51: M6*1.0-L8-M10*1.25 | D51: 1215锌镍合金 | E51: 3000 | F51: pcs | G51: =E51+I51-I52 -> 3000 | H51: 入库 | I51: =SUM(J51:AO51) -> 0
H52: 出库 | I52: =SUM(J52:AO52) -> 0
A53: 25 | B53: 307孔型 | C53: M8*1.25-L9-M12*1.5 | D53: SUS303 | E53: 19096 | F53: pcs | G53: =E53+I53-I54 -> 17094 | H53: 入库 | I53: =SUM(J53:AO53) -> 0
H54: 出库 | I54: =SUM(J54:AO54) -> 2002 | P54: 2 | AK54: 2000
A55: 26 | B55: 307孔型 | C55: M8*1.25-L9-M12*1.5 | D55: 1215 黄锌 | E55: 31472 | F55: pcs | G55: =E55+I55-I56 -> 31472 | H55: 入库 | I55: =SUM(J55:AO55) -> 0
H56: 出库 | I56: =SUM(J56:AO56) -> 0
A57: 27 | B57: 307孔型 | C57: M8*1.25-L9-M12*1.5 | D57: 1215 蓝锌 | E57: 6995 | F57: pcs | G57: =E57+I57-I58 -> 6995 | H57: 入库 | I57: =SUM(J57:AO57) -> 0
H58: 出库 | I58: =SUM(J58:AO58) -> 0
A59: 28 | B59: 3072型 | C59: M8*1.25-L9-M12*1.5（内六角） | D59: SUS303 | E59: 835 | F59: pcs | G59: =E59+I59-I60 -> 835 | H59: 入库 | I59: =SUM(J59:AO59) -> 0
H60: 出库 | I60: =SUM(J60:AO60) -> 0
A61: 29 | B61: 3072型 | C61: M8*1.25-L9-M12*1.5（内六角） | D61: 1215 蓝锌 | E61: 615 | F61: pcs | G61: =E61+I61-I62 -> 615 | H61: 入库 | I61: =SUM(J61:AO61) -> 0
H62: 出库 | I62: =SUM(J62:AO62) -> 0
A63: 30 | B63: 307孔型 | C63: M10*1.5-L10-M14*1.5 | D63: SUS303 | E63: 17840 | F63: pcs | G63: =E63+I63-I64 -> 17840 | H63: 入库 | I63: =SUM(J63:AO63) -> 0
H64: 出库 | I64: =SUM(J64:AO64) -> 0
A65: 31 | B65: 307孔型 | C65: M10*1.5-L10-M14*1.5 | D65: 1215 黄锌 | E65: 18917 | F65: pcs | G65: =E65+I65-I66 -> 18917 | H65: 入库 | I65: =SUM(J65:AO65) -> 0
H66: 出库 | I66: =SUM(J66:AO66) -> 0
A67: 32 | B67: 3072型 | C67: M10*1.5-L10-M14*1.5(内六角) | D67: SUS303 | E67: 358 | F67: pcs | G67: =E67+I67-I68 -> 358 | H67: 入库 | I67: =SUM(J67:AO67) -> 0
H68: 出库 | I68: =SUM(J68:AO68) -> 0
A69: 33 | B69: 3072型 | C69: M10*1.5-L10-M14*1.5(内六角) | D69: 1215 蓝锌 | E69: 600 | F69: pcs | G69: =E69+I69-I70 -> 600 | H69: 入库 | I69: =SUM(J69:AO69) -> 0
H70: 出库 | I70: =SUM(J70:AO70) -> 0
A71: 34 | B71: 307孔型 | C71: M12*1.75-L12-M16*1.75 | D71: SUS303 | E71: 9655 | F71: pcs | G71: =E71+I71-I72 -> 9655 | H71: 入库 | I71: =SUM(J71:AO71) -> 0
H72: 出库 | I72: =SUM(J72:AO72) -> 0
A73: 35 | B73: 307孔型 | C73: M12*1.75-L12-M16*1.75 | D73: 1215 黄锌 | E73: 11165 | F73: pcs | G73: =E73+I73-I74 -> 11165 | H73: 入库 | I73: =SUM(J73:AO73) -> 0
H74: 出库 | I74: =SUM(J74:AO74) -> 0
A75: 35 | B75: 307孔型 | C75: M12*1.75-L12-M16*1.75 | D75: 1215 蓝锌 | E75: 4545 | F75: pcs | G75: =E75+I75-I76 -> 4545 | H75: 入库 | I75: =SUM(J75:AO75) -> 0
H76: 出库 | I76: =SUM(J76:AO76) -> 0
A77: 36 | B77: 3072型 | C77: M12*1.75-L12-M16*1.75（内六角） | D77: SUS303 | E77: 130 | F77: pcs | G77: =E77+I77-I78 -> 130 | H77: 入库 | I77: =SUM(J77:AO77) -> 0
H78: 出库 | I78: =SUM(J78:AO78) -> 0
A79: 37 | B79: 3072型 | C79: M12*1.75-L12-M16*1.75（内六角） | D79: 1215 蓝锌 | E79: 330 | F79: pcs | G79: =E79+I79-I80 -> 330 | H79: 入库 | I79: =SUM(J79:AO79) -> 0
H80: 出库 | I80: =SUM(J80:AO80) -> 0
A81: 38 | B81: 307孔型 | C81: M14*2.0-L14-M18*2.0 | D81: SUS303 | E81: 1215 | F81: pcs | G81: =E81+I81-I82 -> 1215 | H81: 入库 | I81: =SUM(J81:AO81) -> 0
H82: 出库 | I82: =SUM(J82:AO82) -> 0
A83: 38 | B83: 307孔型 | C83: M14*2.0-L14-M18*2.0 | D83: 1215 黄锌 | E83: 1440 | F83: pcs | G83: =E83+I83-I84 -> 1440 | H83: 入库 | I83: =SUM(J83:AO83) -> 0
H84: 出库 | I84: =SUM(J84:AO84) -> 0
A85: 39 | B85: 307孔型 | C85: M16*2.0-L14-M20*2.0 | D85: SUS303 | E85: 5380 | F85: pcs | G85: =E85+I85-I86 -> 5380 | H85: 入库 | I85: =SUM(J85:AO85) -> 0
H86: 出库 | I86: =SUM(J86:AO86) -> 0
A87: 40 | B87: 307孔型 | C87: M16*2.0-L14-M20*2.0 | D87: 1215 蓝锌 | E87: 2630 | F87: pcs | G87: =E87+I87-I88 -> 5090 | H87: 入库 | I87: =SUM(J87:AO87) -> 2460 | N87: 2460
H88: 出库 | I88: =SUM(J88:AO88) -> 0
A89: 41 | B89: 307孔型 | C89: M16*2.0-L14-M20*2.0 | D89: 1215 黄锌 | E89: 9847 | F89: pcs | G89: =E89+I89-I90 -> 14747 | H89: 入库 | I89: =SUM(J89:AO89) -> 4900 | N89: 2245 | AC89: 2655
H90: 出库 | I90: =SUM(J90:AO90) -> 0
A91: 42 | B91: 非标307孔型 | C91: M4*0.7-L3-M6.5*0.8 | D91: SUS303 | E91: 12 | F91: pcs | G91: =E91+I91-I92 -> 12 | H91: 入库 | I91: =SUM(J91:AO91) -> 0
H92: 出库 | I92: =SUM(J92:AO92) -> 0
A93: 43 | B93: 非标307孔型 | C93: M4*0.7-L4-M6.5*0.8 | D93: SUS303 | E93: 2360 | F93: pcs | G93: =E93+I93-I94 -> 2360 | H93: 入库 | I93: =SUM(J93:AO93) -> 0
H94: 出库 | I94: =SUM(J94:AO94) -> 0
A95: 44 | B95: 非标307孔型 | C95: M4*0.7-L5-M6.5*0.8 | D95: SUS303 | E95: 340 | F95: pcs | G95: =E95+I95-I96 -> 340 | H95: 入库 | I95: =SUM(J95:AO95) -> 0
H96: 出库 | I96: =SUM(J96:AO96) -> 0
A97: 45 | B97: 非标307孔型 | C97: M4*0.7-L6-M8*0.8 | D97: SUS303 | E97: 980 | F97: pcs | G97: =E97+I97-I98 -> 980 | H97: 入库 | I97: =SUM(J97:AO97) -> 0
H98: 出库 | I98: =SUM(J98:AO98) -> 0
A99: 46 | B99: 非标307孔型 | C99: M5*0.8-L5.7-M8*1.0 | D99: SUS303 | E99: 370 | F99: pcs | G99: =E99+I99-I100 -> 370 | H99: 入库 | I99: =SUM(J99:AO99) -> 0
H100: 出库 | I100: =SUM(J100:AO100) -> 0
...

Sheet 308孔型 长
A1: 308孔型自攻螺套库存明细
A2: 日期 | B2: ='302槽型'!B2 -> 46023 | D2: 本月入库统计 | H2: 每日入库统计 | J2: =SUMIF($H:$H,#REF!,J:J) -> 0 | K2: =SUMIF($H:$H,#REF!,K:K) -> 0 | L2: =SUMIF($H:$H,#REF!,L:L) -> 0 | M2: =SUMIF($H:$H,#REF!,M:M) -> 0 | N2: =SUMIF($H:$H,#REF!,N:N) -> 0 | O2: =SUMIF($H:$H,#REF!,O:O) -> 0 | P2: =SUMIF($H:$H,#REF!,P:P) -> 0 | Q2: =SUMIF($H:$H,#REF!,Q:Q) -> 0 | R2: =SUMIF($H:$H,#REF!,R:R) -> 0 | S2: =SUMIF($H:$H,#REF!,S:S) -> 0 | T2: =SUMIF($H:$H,#REF!,T:T) -> 0 | U2: =SUMIF($H:$H,#REF!,U:U) -> 0 | V2: =SUMIF($H:$H,#REF!,V:V) -> 0 | W2: =SUMIF($H:$H,#REF!,W:W) -> 0 | X2: =SUMIF($H:$H,#REF!,X:X) -> 0 | Y2: =SUMIF($H:$H,#REF!,Y:Y) -> 0 | Z2: =SUMIF($H:$H,#REF!,Z:Z) -> 0 | AA2: =SUMIF($H:$H,#REF!,AA:AA) -> 0 | AB2: =SUMIF($H:$H,#REF!,AB:AB) -> 0 | AC2: =SUMIF($H:$H,#REF!,AC:AC) -> 0 | AD2: =SUMIF($H:$H,#REF!,AD:AD) -> 0 | AE2: =SUMIF($H:$H,#REF!,AE:AE) -> 0 | AF2: =SUMIF($H:$H,#REF!,AF:AF) -> 0 | AG2: =SUMIF($H:$H,#REF!,AG:AG) -> 0 | AH2: =SUMIF($H:$H,#REF!,AH:AH) -> 0 | AI2: =SUMIF($H:$H,#REF!,AI:AI) -> 0 | AJ2: =SUMIF($H:$H,#REF!,AJ:AJ) -> 0 | AK2: =SUMIF($H:$H,#REF!,AK:AK) -> 0 | AL2: =SUMIF($H:$H,#REF!,AL:AL) -> 0 | AM2: =SUMIF($H:$H,#REF!,AM:AM) -> 0 | AN2: =SUMIF($H:$H,#REF!,AN:AN) -> 0
D3: 本月出库统计 | H3: 每日出库统计 | J3: =SUMIF($H:$H,#REF!,J:J) -> 0 | K3: =SUMIF($H:$H,#REF!,K:K) -> 0 | L3: =SUMIF($H:$H,#REF!,L:L) -> 0 | M3: =SUMIF($H:$H,#REF!,M:M) -> 0 | N3: =SUMIF($H:$H,#REF!,N:N) -> 0 | O3: =SUMIF($H:$H,#REF!,O:O) -> 0 | P3: =SUMIF($H:$H,#REF!,P:P) -> 0 | Q3: =SUMIF($H:$H,#REF!,Q:Q) -> 0 | R3: =SUMIF($H:$H,#REF!,R:R) -> 0 | S3: =SUMIF($H:$H,#REF!,S:S) -> 0 | T3: =SUMIF($H:$H,#REF!,T:T) -> 0 | U3: =SUMIF($H:$H,#REF!,U:U) -> 0 | V3: =SUMIF($H:$H,#REF!,V:V) -> 0 | W3: =SUMIF($H:$H,#REF!,W:W) -> 0 | X3: =SUMIF($H:$H,#REF!,X:X) -> 0 | Y3: =SUMIF($H:$H,#REF!,Y:Y) -> 0 | Z3: =SUMIF($H:$H,#REF!,Z:Z) -> 0 | AA3: =SUMIF($H:$H,#REF!,AA:AA) -> 0 | AB3: =SUMIF($H:$H,#REF!,AB:AB) -> 0 | AC3: =SUMIF($H:$H,#REF!,AC:AC) -> 0 | AD3: =SUMIF($H:$H,#REF!,AD:AD) -> 0 | AE3: =SUMIF($H:$H,#REF!,AE:AE) -> 0 | AF3: =SUMIF($H:$H,#REF!,AF:AF) -> 0 | AG3: =SUMIF($H:$H,#REF!,AG:AG) -> 0 | AH3: =SUMIF($H:$H,#REF!,AH:AH) -> 0 | AI3: =SUMIF($H:$H,#REF!,AI:AI) -> 0 | AJ3: =SUMIF($H:$H,#REF!,AJ:AJ) -> 0 | AK3: =SUMIF($H:$H,#REF!,AK:AK) -> 0 | AL3: =SUMIF($H:$H,#REF!,AL:AL) -> 0 | AM3: =SUMIF($H:$H,#REF!,AM:AM) -> 0 | AN3: =SUMIF($H:$H,#REF!,AN:AN) -> 0
A4: 序号 | B4: 类别 | C4: 规格 | D4: 材质 | E4: 上月结存 | F4: 单位 | G4: 现库存 | H4: 入/出库 | I4: 汇总 | J4: ='302槽型'!J4 -> 46023 | K4: ='302槽型'!K4 -> 46024 | L4: ='302槽型'!L4 -> 46025 | M4: ='302槽型'!M4 -> 46026 | N4: ='302槽型'!N4 -> 46027 | O4: ='302槽型'!O4 -> 46028 | P4: ='302槽型'!P4 -> 46029 | Q4: ='302槽型'!Q4 -> 46030 | ... AN4: ='302槽型'!AN4 -> 46053
A5: 1 | B5: 308孔型 | C5: M3*0.5-L6-M5*0.6 | D5: SUS303 | E5: 87701 | F5: pcs | G5: =E5+I5-I6 -> 86701 | H5: 入库 | I5: =SUM(J5:AO5) -> 0
H6: 出库 | I6: =SUM(J6:AO6) -> 1000 | Y6: 1000
A7: 2 | B7: 308孔型 | C7: M3*0.5-L6-M5*0.6 | D7: 1215 黄锌 | E7: 109648 | F7: pcs | G7: =E7+I7-I8 -> 109648 | H7: 入库 | I7: =SUM(J7:AO7) -> 0
H8: 出库 | I8: =SUM(J8:AO8) -> 0
A9: 3 | B9: 308孔型 | C9: M4*0.7-L8-M6.5*0.8 | D9: 1215 黄锌 | E9: 11200 | F9: pcs | G9: =E9+I9-I10 -> 11200 | H9: 入库 | I9: =SUM(J9:AO9) -> 0
H10: 出库 | I10: =SUM(J10:AO10) -> 0
A11: 4 | B11: 308孔型 | C11: M4*0.7-L8-M6.5*0.8 | D11: SUS303 | E11: 96122 | F11: pcs | G11: =E11+I11-I12 -> 90102 | H11: 入库 | I11: =SUM(J11:AO11) -> 0
H12: 出库 | I12: =SUM(J12:AO12) -> 6020 | Q12: 1000 | S12: 20 | AK12: 5000
A13: 5 | B13: 308孔型 | C13: M4*0.7-L8-M6.5*0.8 | D13: 1215 蓝锌 | E13: 28 | F13: pcs | G13: =E13+I13-I14 -> 28 | H13: 入库 | I13: =SUM(J13:AO13) -> 0
H14: 出库 | I14: =SUM(J14:AO14) -> 0
A15: 6 | B15: 3082型 | C15: M4*0.7-L8-M6.5*0.8(内六角) | D15: SUS303 | E15: 640 | F15: pcs | G15: =E15+I15-I16 -> 640 | H15: 入库 | I15: =SUM(J15:AO15) -> 0
H16: 出库 | I16: =SUM(J16:AO16) -> 0
A17: 7 | B17: 3082型 | C17: M4*0.7-L8-M6.5*0.8(内六角) | D17: 1215 蓝锌 | E17: 385 | F17: pcs | G17: =E17+I17-I18 -> 385 | H17: 入库 | I17: =SUM(J17:AO17) -> 0
H18: 出库 | I18: =SUM(J18:AO18) -> 0
A19: 8 | B19: 308孔型 | C19: M5*0.8-L10-M8*1.0 | D19: 1215 黄锌 | E19: 62898 | F19: pcs | G19: =E19+I19-I20 -> 62898 | H19: 入库 | I19: =SUM(J19:AO19) -> 0
H20: 出库 | I20: =SUM(J20:AO20) -> 0
A21: 9 | B21: 308孔型 | C21: M5*0.8-L10-M8*1.0 | D21: SUS303 | E21: 40962 | F21: pcs | G21: =E21+I21-I22 -> 40942 | H21: 入库 | I21: =SUM(J21:AO21) -> 0
H22: 出库 | I22: =SUM(J22:AO22) -> 20 | V22: 20
A23: 10 | B23: 3082型 | C23: M5*0.8-L10-M8*1.0（内六角） | D23: SUS303 | E23: 1250 | F23: pcs | G23: =E23+I23-I24 -> 1250 | H23: 入库 | I23: =SUM(J23:AO23) -> 0
H24: 出库 | I24: =SUM(J24:AO24) -> 0
A25: 11 | B25: 3082型 | C25: M5*0.8-L10-M8*1.0（内六角） | D25: 1215 蓝锌 | E25: 400 | F25: pcs | G25: =E25+I25-I26 -> 400 | H25: 入库 | I25: =SUM(J25:AO25) -> 0
H26: 出库 | I26: =SUM(J26:AO26) -> 0
A27: 12 | B27: 308孔型 | C27: M6*1.0-L12-M10*1.25 | D27: SUS303 | E27: 31653 | F27: pcs | G27: =E27+I27-I28 -> 28643 | H27: 入库 | I27: =SUM(J27:AO27) -> 0
H28: 出库 | I28: =SUM(J28:AO28) -> 3010 | L28: 2000 | Q28: 1000 | V28: 10
A29: 13 | B29: 308孔型 | C29: M6*1.0-L12-M10*1.25 | D29: 1215 黄锌 | E29: 17665 | F29: pcs | G29: =E29+I29-I30 -> 12665 | H29: 入库 | I29: =SUM(J29:AO29) -> 0
H30: 出库 | I30: =SUM(J30:AO30) -> 5000 | U30: 5000
A31: 14 | B31: 308孔型 | C31: M6*1.0-L12-M10*1.25 | D31: 1215 蓝锌 | E31: 15 | F31: pcs | G31: =E31+I31-I32 -> 15 | H31: 入库 | I31: =SUM(J31:AO31) -> 0
H32: 出库 | I32: =SUM(J32:AO32) -> 0
A33: 15 | B33: 3082型 | C33: M6*1.0-L12-M10*1.25（内六角） | D33: SUS303 | E33: 1060 | F33: pcs | G33: =E33+I33-I34 -> 1060 | H33: 入库 | I33: =SUM(J33:AO33) -> 0
H34: 出库 | I34: =SUM(J34:AO34) -> 0
A35: 16 | B35: 3082型 | C35: M6*1.0-L12-M10*1.25（内六角） | D35: 1215 蓝锌 | E35: 1810 | F35: pcs | G35: =E35+I35-I36 -> 1810 | H35: 入库 | I35: =SUM(J35:AO35) -> 0
H36: 出库 | I36: =SUM(J36:AO36) -> 0
A37: 17 | B37: 3082型 | C37: M6*1.0-L12-M10*1.25（内六角） | D37: 1215 黄锌 | E37: 5840 | F37: pcs | G37: =E37+I37-I38 -> 5840 | H37: 入库 | I37: =SUM(J37:AO37) -> 0
H38: 出库 | I38: =SUM(J38:AO38) -> 0
A39: 18 | B39: 308孔型 | C39: M8*1.25-L14-M12*1.5 | D39: SUS303 | E39: 41844 | F39: pcs | G39: =E39+I39-I40 -> 41832 | H39: 入库 | I39: =SUM(J39:AO39) -> 0
H40: 出库 | I40: =SUM(J40:AO40) -> 12 | P40: 2 | V40: 10
A41: 19 | B41: 308孔型 | C41: M8*1.25-L14-M12*1.5 | D41: 1215 黄锌 | E41: 66373 | F41: pcs | G41: =E41+I41-I42 -> 66373 | H41: 入库 | I41: =SUM(J41:AO41) -> 0
H42: 出库 | I42: =SUM(J42:AO42) -> 0
A43: 20 | B43: 308孔型 | C43: M8*1.25-L14-M12*1.5 | D43: 1215 蓝锌 | E43: 30 | F43: pcs | G43: =E43+I43-I44 -> 30 | H43: 入库 | I43: =SUM(J43:AO43) -> 0
H44: 出库 | I44: =SUM(J44:AO44) -> 0
A45: 21 | B45: 3082型 | C45: M8*1.25-L14-M12*1.5（内六角） | D45: SUS303 | E45: 588 | F45: pcs | G45: =E45+I45-I46 -> 588 | H45: 入库 | I45: =SUM(J45:AO45) -> 0
H46: 出库 | I46: =SUM(J46:AO46) -> 0
A47: 22 | B47: 3082型 | C47: M8*1.25-L14-M12*1.5（内六角） | D47: 1215 黄锌 | E47: 450 | F47: pcs | G47: =E47+I47-I48 -> 450 | H47: 入库 | I47: =SUM(J47:AO47) -> 0
H48: 出库 | I48: =SUM(J48:AO48) -> 0
A49: 23 | B49: 3082型 | C49: M8*1.25-L14-M12*1.5（内六角） | D49: 1215 蓝白锌 | E49: 4300 | F49: pcs | G49: =E49+I49-I50 -> 3800 | H49: 入库 | I49: =SUM(J49:AO49) -> 0
H50: 出库 | I50: =SUM(J50:AO50) -> 500 | S50: 500
A51: 24 | B51: 308孔型 | C51: M10*1.5-L18-M14*1.5 | D51: 1215 黄锌 | E51: 55225 | F51: pcs | G51: =E51+I51-I52 -> 55225 | H51: 入库 | I51: =SUM(J51:AO51) -> 0
H52: 出库 | I52: =SUM(J52:AO52) -> 0
A53: 25 | B53: 308孔型 | C53: M10*1.5-L18-M14*1.5 | D53: SUS303 | E53: 5801 | F53: pcs | G53: =E53+I53-I54 -> 5701 | H53: 入库 | I53: =SUM(J53:AO53) -> 0
H54: 出库 | I54: =SUM(J54:AO54) -> 100 | AA54: 100
A55: 26 | B55: 3082型 | C55: M10*1.5-L18-M14*1.5（内六角） | D55: SUS303 | E55: 25 | F55: pcs | G55: =E55+I55-I56 -> 25 | H55: 入库 | I55: =SUM(J55:AO55) -> 0
H56: 出库 | I56: =SUM(J56:AO56) -> 0
A57: 27 | B57: 3082型 | C57: M10*1.5-L18-M14*1.5（内六角） | D57: 1215 蓝锌 | E57: 250 | F57: pcs | G57: =E57+I57-I58 -> 250 | H57: 入库 | I57: =SUM(J57:AO57) -> 0
H58: 出库 | I58: =SUM(J58:AO58) -> 0
A59: 28 | B59: 308孔型 | C59: M12*1.75-L22-M16*1.75 | D59: SUS303 | E59: 8475 | F59: pcs | G59: =E59+I59-I60 -> 8475 | H59: 入库 | I59: =SUM(J59:AO59) -> 0
H60: 出库 | I60: =SUM(J60:AO60) -> 0
A61: 29 | B61: 308孔型 | C61: M12*1.75-L22-M16*1.75 | D61: 1215 黄锌 | E61: 24848 | F61: pcs | G61: =E61+I61-I62 -> 24848 | H61: 入库 | I61: =SUM(J61:AO61) -> 0
H62: 出库 | I62: =SUM(J62:AO62) -> 0
A63: 30 | B63: 3082型 | C63: M12*1.75-L22-M16*1.75（内六角） | D63: SUS303 | E63: 60 | F63: pcs | G63: =E63+I63-I64 -> 60 | H63: 入库 | I63: =SUM(J63:AO63) -> 0
H64: 出库 | I64: =SUM(J64:AO64) -> 0
A65: 31 | B65: 3082型 | C65: M12*1.75-L22-M16*1.75（内六角） | D65: 1215 蓝锌 | E65: 215 | F65: pcs | G65: =E65+I65-I66 -> 215 | H65: 入库 | I65: =SUM(J65:AO65) -> 0
H66: 出库 | I66: =SUM(J66:AO66) -> 0
A67: 32 | B67: 308孔型 | C67: M14*2.0-L24-M18*2.0 | D67: SUS303 | E67: 1055 | F67: pcs | G67: =E67+I67-I68 -> 1055 | H67: 入库 | I67: =SUM(J67:AO67) -> 0
H68: 出库 | I68: =SUM(J68:AO68) -> 0
A69: 32 | B69: 308孔型 | C69: M14*2.0-L24-M18*2.0 | D69: 1215 黄锌 | E69: 0 | F69: pcs | G69: =E69+I69-I70 -> 1135 | H69: 入库 | I69: =SUM(J69:AO69) -> 1135 | N69: 1135
H70: 出库 | I70: =SUM(J70:AO70) -> 0
A71: 33 | B71: 308孔型 | C71: M16*2.0-L24-M20*2.0 | D71: SUS303 | E71: 410 | F71: pcs | G71: =E71+I71-I72 -> 410 | H71: 入库 | I71: =SUM(J71:AO71) -> 0
H72: 出库 | I72: =SUM(J72:AO72) -> 0
A73: 34 | B73: 308孔型 | C73: M16*2.0-L24-M20*2.0 | D73: 1215 黄锌 | E73: 27448 | F73: pcs | G73: =E73+I73-I74 -> 27448 | H73: 入库 | I73: =SUM(J73:AO73) -> 0
H74: 出库 | I74: =SUM(J74:AO74) -> 0
A75: 35 | B75: 308孔型 | C75: M24*3.0-L30-M30*2.0 | D75: SUS303 | E75: 8 | F75: pcs | G75: =E75+I75-I76 -> 8 | H75: 入库 | I75: =SUM(J75:AO75) -> 0
H76: 出库 | I76: =SUM(J76:AO76) -> 0
A77: 36 | B77: 非标308孔型 | C77: M3*0.5-L8-M6.5*0.8 | D77: SUS303 | E77: 30 | F77: pcs | G77: =E77+I77-I78 -> 30 | H77: 入库 | I77: =SUM(J77:AO77) -> 0
H78: 出库 | I78: =SUM(J78:AO78) -> 0
A79: 37 | B79: 非标308孔型 | C79: M4*0.7-L10-M6.5*0.8 | D79: SUS303 | E79: 2940 | F79: pcs | G79: =E79+I79-I80 -> 2940 | H79: 入库 | I79: =SUM(J79:AO79) -> 0
H80: 出库 | I80: =SUM(J80:AO80) -> 0
A81: 38 | B81: 非标308型 | C81: M6*1.0-L14-M10*1.25 | D81: SUS303 | E81: 0 | F81: pcs | G81: =E81+I81-I82 -> 90 | H81: 入库 | I81: =SUM(J81:AO81) -> 390 | AL81: 390
H82: 出库 | I82: =SUM(J82:AO82) -> 300 | AL82: 300
A83: 39 | B83: 非标308孔型 | C83: M8*1.25-L12-M12*1.5（过滤架） | D83: 1215 黄锌 | E83: 630 | F83: pcs | G83: =E83+I83-I84 -> 630 | H83: 入库 | I83: =SUM(J83:AO83) -> 0
H84: 出库 | I84: =SUM(J84:AO84) -> 0
A85: 40 | B85: 非标308孔型 | C85: M10*1.5-L14-M14*1.5 | D85: 1215 黄锌 | E85: 1040 | F85: pcs | G85: =E85+I85-I86 -> 1040 | H85: 入库 | I85: =SUM(J85:AO85) -> 0
H86: 出库 | I86: =SUM(J86:AO86) -> 0
A87: 41 | B87: 非标308孔型 | C87: M10*1.5-L16-M14*1.5（过滤架） | D87: 1215 黄锌 | E87: 720 | F87: pcs | G87: =E87+I87-I88 -> 720 | H87: 入库 | I87: =SUM(J87:AO87) -> 0
H88: 出库 | I88: =SUM(J88:AO88) -> 0
A89: 42 | B89: 非标308孔型 | C89: M10*1.5-L18-M16*2.0 | D89: SUS303 | E89: 735 | F89: pcs | G89: =E89+I89-I90 -> 735 | H89: 入库 | I89: =SUM(J89:AO89) -> 0
H90: 出库 | I90: =SUM(J90:AO90) -> 0
A91: 43 | B91: 非标308孔型 | C91: M10*1.25-L18-M14*1.5 | D91: SUS303 | E91: 1060 | F91: pcs | G91: =E91+I91-I92 -> 1060 | H91: 入库 | I91: =SUM(J91:AO91) -> 0
H92: 出库 | I92: =SUM(J92:AO92) -> 0
A93: 44 | B93: 非标308孔型 | C93: M10*1.25-L24.5-M14*1.5 | D93: SUS303 | E93: 30 | F93: pcs | G93: =E93+I93-I94 -> 30 | H93: 入库 | I93: =SUM(J93:AO93) -> 0
H94: 出库 | I94: =SUM(J94:AO94) -> 0
A95: 45 | B95: 非标308孔型 | C95: M10*1.25-L18-M16*2.0 | D95: SUS303 | E95: 646 | F95: pcs | G95: =E95+I95-I96 -> 646 | H95: 入库 | I95: =SUM(J95:AO95) -> 0
H96: 出库 | I96: =SUM(J96:AO96) -> 0
A97: 46 | B97: 非标308孔型 | C97: M10*1.25-L15-M16*1.75 | D97: SUS303 | E97: 520 | F97: pcs | G97: =E97+I97-I98 -> 520 | H97: 入库 | I97: =SUM(J97:AO97) -> 0
H98: 出库 | I98: =SUM(J98:AO98) -> 0
A99: 47 | B99: 非标308孔型 | C99: M10*1.5-L16-M14-1.5 | D99: SUS303 | E99: 2600 | F99: pcs | G99: =E99+I99-I100 -> 2600 | H99: 入库 | I99: =SUM(J99:AO99) -> 0
H100: 出库 | I100: =SUM(J100:AO100) -> 0
...

Sheet SKD440 型
A1: SKD440型库存明细
A2: 日期 | B2: ='302槽型'!B2 -> 46023 | D2: 本月入库统计 | H2: 每日入库统计 | J2: =SUMIF($H:$H,$H$65,J:J) -> 0 | K2: =SUMIF($H:$H,$H$65,K:K) -> 1035 | L2: =SUMIF($H:$H,$H$65,L:L) -> 0 | M2: =SUMIF($H:$H,$H$65,M:M) -> 0 | N2: =SUMIF($H:$H,$H$65,N:N) -> 9230 | O2: =SUMIF($H:$H,$H$65,O:O) -> 0 | P2: =SUMIF($H:$H,$H$65,P:P) -> 13260 | Q2: =SUMIF($H:$H,$H$65,Q:Q) -> 0 | R2: =SUMIF($H:$H,$H$65,R:R) -> 0 | S2: =SUMIF($H:$H,$H$65,S:S) -> 5365 | T2: =SUMIF($H:$H,$H$65,T:T) -> 0 | U2: =SUMIF($H:$H,$H$65,U:U) -> 0 | V2: =SUMIF($H:$H,$H$65,V:V) -> 0 | W2: =SUMIF($H:$H,$H$65,W:W) -> 147 | X2: =SUMIF($H:$H,$H$65,X:X) -> 0 | Y2: =SUMIF($H:$H,$H$65,Y:Y) -> 12690 | Z2: =SUMIF($H:$H,$H$65,Z:Z) -> 0 | AA2: =SUMIF($H:$H,$H$65,AA:AA) -> 0 | AB2: =SUMIF($H:$H,$H$65,AB:AB) -> 5080 | AC2: =SUMIF($H:$H,$H$65,AC:AC) -> 0 | AD2: =SUMIF($H:$H,$H$65,AD:AD) -> 0 | AE2: =SUMIF($H:$H,$H$65,AE:AE) -> 10100 | AF2: =SUMIF($H:$H,$H$65,AF:AF) -> 0 | AG2: =SUMIF($H:$H,$H$65,AG:AG) -> 2285 | AH2: =SUMIF($H:$H,$H$65,AH:AH) -> 0 | AI2: =SUMIF($H:$H,$H$65,AI:AI) -> 12790 | AJ2: =SUMIF($H:$H,$H$65,AJ:AJ) -> 0 | AK2: =SUMIF($H:$H,$H$65,AK:AK) -> 0 | AL2: =SUMIF($H:$H,$H$65,AL:AL) -> 0 | AM2: =SUMIF($H:$H,$H$65,AM:AM) -> 0 | AN2: =SUMIF($H:$H,$H$65,AN:AN) -> 0
D3: 本月出库统计 | H3: 每日出库统计 | J3: =SUMIF($H:$H,$H$66,J:J) -> 0 | K3: =SUMIF($H:$H,$H$66,K:K) -> 100 | L3: =SUMIF($H:$H,$H$66,L:L) -> 100 | M3: =SUMIF($H:$H,$H$66,M:M) -> 0 | N3: =SUMIF($H:$H,$H$66,N:N) -> 21590 | O3: =SUMIF($H:$H,$H$66,O:O) -> 42 | P3: =SUMIF($H:$H,$H$66,P:P) -> 12005 | Q3: =SUMIF($H:$H,$H$66,Q:Q) -> 42 | R3: =SUMIF($H:$H,$H$66,R:R) -> 0 | S3: =SUMIF($H:$H,$H$66,S:S) -> 210 | T3: =SUMIF($H:$H,$H$66,T:T) -> 0 | U3: =SUMIF($H:$H,$H$66,U:U) -> 105 | V3: =SUMIF($H:$H,$H$66,V:V) -> 500 | W3: =SUMIF($H:$H,$H$66,W:W) -> 300 | X3: =SUMIF($H:$H,$H$66,X:X) -> 0 | Y3: =SUMIF($H:$H,$H$66,Y:Y) -> 200 | Z3: =SUMIF($H:$H,$H$66,Z:Z) -> 0 | AA3: =SUMIF($H:$H,$H$66,AA:AA) -> 0 | AB3: =SUMIF($H:$H,$H$66,AB:AB) -> 8500 | AC3: =SUMIF($H:$H,$H$66,AC:AC) -> 200 | AD3: =SUMIF($H:$H,$H$66,AD:AD) -> 0 | AE3: =SUMIF($H:$H,$H$66,AE:AE) -> 0 | AF3: =SUMIF($H:$H,$H$66,AF:AF) -> 0 | AG3: =SUMIF($H:$H,$H$66,AG:AG) -> 0 | AH3: =SUMIF($H:$H,$H$66,AH:AH) -> 0 | AI3: =SUMIF($H:$H,$H$66,AI:AI) -> 4645 | AJ3: =SUMIF($H:$H,$H$66,AJ:AJ) -> 0 | AK3: =SUMIF($H:$H,$H$66,AK:AK) -> 8 | AL3: =SUMIF($H:$H,$H$66,AL:AL) -> 362 | AM3: =SUMIF($H:$H,$H$66,AM:AM) -> 0 | AN3: =SUMIF($H:$H,$H$66,AN:AN) -> 0
A4: 序号 | B4: 类别 | C4: 规格 | D4: 材质 | E4: 上月结存 | F4: 单位 | G4: 现货 | H4: 入/出库 | I4: 汇总 | J4: ='302槽型'!J4 -> 46023 | K4: ='302槽型'!K4 -> 46024 | L4: ='302槽型'!L4 -> 46025 | M4: ='302槽型'!M4 -> 46026 | N4: ='302槽型'!N4 -> 46027 | O4: ='302槽型'!O4 -> 46028 | P4: ='302槽型'!P4 -> 46029 | Q4: ='302槽型'!Q4 -> 46030 | ... AN4: ='302槽型'!AN4 -> 46053
A5: 1 | B5: SKD440型 | C5: M3*0.5-L6-OD6.0 | D5: SUS303 | E5: 9503 | F5: pcs | G5: =E5+I5-I6 -> 8903 | H5: 入库 | I5: =SUM(J5:AO5) -> 105 | W5: 105
H6: 出库 | I6: =SUM(J6:AO6) -> 705 | U6: 105 | V6: 100 | W6: 200 | AL6: 300
A7: 2 | B7: SKD440型 | C7: M3*0.5-L8-OD6.0 | D7: SUS303 | E7: 12840 | F7: pcs | G7: =E7+I7-I8 -> 12540 | H7: 入库 | I7: =SUM(J7:AO7) -> 0
H8: 出库 | I8: =SUM(J8:AO8) -> 300 | V8: 200 | W8: 100
A9: 3 | B9: SKD440型 | C9: M3*0.5-L10-OD6.0 | D9: SUS303 | E9: 5676 | F9: pcs | G9: =E9+I9-I10 -> 16951 | H9: 入库 | I9: =SUM(J9:AO9) -> 12725 | AE9: 10100 | AG9: 2285 | AI9: 340
H10: 出库 | I10: =SUM(J10:AO10) -> 1450 | N10: 1000 | V10: 200 | AC10: 200 | AL10: 50
A11: 4 | B11: SKD440型 | C11: M3*0.5-L8-OD6.0 | D11: C3604 | E11: 490 | F11: pcs | G11: =E11+I11-I12 -> 310 | H11: 入库 | I11: =SUM(J11:AO11) -> 0
H12: 出库 | I12: =SUM(J12:AO12) -> 180 | AI12: 180
A13: 5 | B13: SKD440型 | C13: M3*0.5-L10-OD6.0 | D13: C3604 | E13: 1910 | F13: pcs | G13: =E13+I13-I14 -> 1910 | H13: 入库 | I13: =SUM(J13:AO13) -> 0
H14: 出库 | I14: =SUM(J14:AO14) -> 0
A15: 6 | B15: SKD440型 | C15: M4*0.7-L6-OD8.0 | D15: SUS303 | E15: 4968 | F15: pcs | G15: =E15+I15-I16 -> 4968 | H15: 入库 | I15: =SUM(J15:AO15) -> 0
H16: 出库 | I16: =SUM(J16:AO16) -> 0
A17: 7 | B17: SKD440型 | C17: M4*0.7-L8-OD8.0 | D17: SUS303 | E17: 42820 | F17: pcs | G17: =E17+I17-I18 -> 31237 | H17: 入库 | I17: =SUM(J17:AO17) -> 0
H18: 出库 | I18: =SUM(J18:AO18) -> 11583 | N18: =11080+500 -> 11580 | AL18: 3
A19: 8 | B19: SKD440型 | C19: M4*0.7-L10-OD8.0 | D19: SUS303 | E19: 5396 | F19: pcs | G19: =E19+I19-I20 -> 5296 | H19: 入库 | I19: =SUM(J19:AO19) -> 0
H20: 出库 | I20: =SUM(J20:AO20) -> 100 | S20: 100
A21: 8 | B21: SKD440型 | C21: M4*0.7-L12-OD8.0 | D21: SUS303 | E21: 3839 | F21: pcs | G21: =E21+I21-I22 -> 3836 | H21: 入库 | I21: =SUM(J21:AO21) -> 0
H22: 出库 | I22: =SUM(J22:AO22) -> 3 | AL22: 3
A23: 9 | B23: SKD440型 | C23: M4*0.7-L8-OD8.0 | D23: C3604 | E23: 4140 | F23: pcs | G23: =E23+I23-I24 -> 4140 | H23: 入库 | I23: =SUM(J23:AO23) -> 0
H24: 出库 | I24: =SUM(J24:AO24) -> 0
A25: 10 | B25: SKD440型 | C25: M4*0.7-L12-OD8.0 | D25: 316材质 | E25: 1420 | F25: pcs | G25: =E25+I25-I26 -> 1420 | H25: 入库 | I25: =SUM(J25:AO25) -> 0
H26: 出库 | I26: =SUM(J26:AO26) -> 0
A27: 10 | B27: SKD440型 | C27: M4*0.7-L12-OD8.0 | D27: C3604 | E27: 192 | F27: pcs | G27: =E27+I27-I28 -> 192 | H27: 入库 | I27: =SUM(J27:AO27) -> 0
H28: 出库 | I28: =SUM(J28:AO28) -> 0
A29: 11 | B29: SKD440型 | C29: M4*0.7-L10-OD8.0 | D29: C3604 | E29: 6848 | F29: pcs | G29: =E29+I29-I30 -> 6848 | H29: 入库 | I29: =SUM(J29:AO29) -> 0
H30: 出库 | I30: =SUM(J30:AO30) -> 0
A31: 12 | B31: SKD440型 | C31: M5*0.8-L15-OD10.0 | D31: SUS303 | E31: 5075 | F31: pcs | G31: =E31+I31-I32 -> 5075 | H31: 入库 | I31: =SUM(J31:AO31) -> 0
H32: 出库 | I32: =SUM(J32:AO32) -> 0
A33: 13 | B33: SKD440型 | C33: M5*0.8-L8-OD10.0 | D33: SUS303 | E33: 8404 | F33: pcs | G33: =E33+I33-I34 -> 10379 | H33: 入库 | I33: =SUM(J33:AO33) -> 1975 | S33: 1975
H34: 出库 | I34: =SUM(J34:AO34) -> 0
A35: 14 | B35: SKD440型 | C35: M5*0.8-L12-OD10.0 | D35: SUS303 | E35: 6294 | F35: pcs | G35: =E35+I35-I36 -> 9681 | H35: 入库 | I35: =SUM(J35:AO35) -> 3390 | S35: 3390
H36: 出库 | I36: =SUM(J36:AO36) -> 3 | AL36: 3
A37: 15 | B37: SKD440型 | C37: M5*0.8-L10-OD10.0 | D37: SUS303 | E37: 11766 | F37: pcs | G37: =E37+I37-I38 -> 11766 | H37: 入库 | I37: =SUM(J37:AO37) -> 0
H38: 出库 | I38: =SUM(J38:AO38) -> 0
A39: 16 | B39: SKD440型 | C39: M5*0.8-L18-OD10.0 | D39: SUS303 | E39: 848 | F39: pcs | G39: =E39+I39-I40 -> 848 | H39: 入库 | I39: =SUM(J39:AO39) -> 0
H40: 出库 | I40: =SUM(J40:AO40) -> 0
A41: 17 | B41: SKD440型 | C41: M5*0.8-L20-OD10.0 | D41: SUS303 | E41: 306 | F41: pcs | G41: =E41+I41-I42 -> 306 | H41: 入库 | I41: =SUM(J41:AO41) -> 0
H42: 出库 | I42: =SUM(J42:AO42) -> 0
A43: 18 | B43: SKD440型 | C43: M5*0.8-L12-OD10.0 | D43: C3604 | E43: 6215 | F43: pcs | G43: =E43+I43-I44 -> 6215 | H43: 入库 | I43: =SUM(J43:AO43) -> 0
H44: 出库 | I44: =SUM(J44:AO44) -> 0
A45: 18 | B45: SKD440型 | C45: M5*0.8-L13-OD10.0 | D45: C3604 | E45: 103 | F45: pcs | G45: =E45+I45-I46 -> 103 | H45: 入库 | I45: =SUM(J45:AO45) -> 0
H46: 出库 | I46: =SUM(J46:AO46) -> 0
A47: 19 | B47: SKD440型 | C47: M5*0.8-L10-OD10.0 | D47: C3604 | E47: 30 | F47: pcs | G47: =E47+I47-I48 -> 30 | H47: 入库 | I47: =SUM(J47:AO47) -> 0
H48: 出库 | I48: =SUM(J48:AO48) -> 0
A49: 20 | B49: SKD440型 | C49: M5*0.8-L6-OD10.0 | D49: C3604 | E49: 896 | F49: pcs | G49: =E49+I49-I50 -> 896 | H49: 入库 | I49: =SUM(J49:AO49) -> 0
H50: 出库 | I50: =SUM(J50:AO50) -> 0
A51: 21 | B51: SKD440型 | C51: M5*0.8-L8-OD10.0 | D51: C3604 | E51: 9962 | F51: pcs | G51: =E51+I51-I52 -> 9962 | H51: 入库 | I51: =SUM(J51:AO51) -> 0
H52: 出库 | I52: =SUM(J52:AO52) -> 0
A53: 22 | B53: SKD440型 | C53: M6*1.0-L10-OD12.0 | D53: SUS303 | E53: 8395 | F53: pcs | G53: =E53+I53-I54 -> 21035 | H53: 入库 | I53: =SUM(J53:AO53) -> 12690 | Y53: =6010+6680 -> 12690
H54: 出库 | I54: =SUM(J54:AO54) -> 50 | K54: 50
A55: 23 | B55: SKD440型 | C55: M6*1.0-L12-OD12.0 | D55: SUS303 | E55: 3499 | F55: pcs | G55: =E55+I55-I56 -> 8283 | H55: 入库 | I55: =SUM(J55:AO55) -> 7855 | AI55: 7855
H56: 出库 | I56: =SUM(J56:AO56) -> 3071 | K56: 50 | AB56: 3000 | AI56: 18 | AL56: 3
A57: 24 | B57: SKD440型 | C57: M6*1.0-L18-OD12.0 | D57: SUS303 | E57: 40 | F57: pcs | G57: =E57+I57-I58 -> 32 | H57: 入库 | I57: =SUM(J57:AO57) -> 0
H58: 出库 | I58: =SUM(J58:AO58) -> 8 | AK58: 8
A59: 25 | B59: SKD440型 | C59: M6*1.0-L15-OD12.0 | D59: SUS303 | E59: 17395 | F59: pcs | G59: =E59+I59-I60 -> 17335 | H59: 入库 | I59: =SUM(J59:AO59) -> 42 | W59: 42
H60: 出库 | I60: =SUM(J60:AO60) -> 102 | O60: 42 | S60: 60
A61: 26 | B61: SKD440型 | C61: M6*1.0-L20-OD12.0 | D61: SUS303 | E61: 76 | F61: pcs | G61: =E61+I61-I62 -> 76 | H61: 入库 | I61: =SUM(J61:AO61) -> 0
H62: 出库 | I62: =SUM(J62:AO62) -> 0
A63: 27 | B63: SKD440型 | C63: M6*1.0-L12-OD12.0 | D63: 316材质 | E63: 0 | F63: pcs | G63: =E63+I63-I64 -> 200 | H63: 入库 | I63: =SUM(J63:AO63) -> 4595 | AI63: 4595
H64: 出库 | I64: =SUM(J64:AO64) -> 4395 | AI64: 4395
A65: 27 | B65: SKD440型 | C65: M6*1.0-L12-OD12.0 | D65: C3604 | E65: 2816 | F65: pcs | G65: =E65+I65-I66 -> 2316 | H65: 入库 | I65: =SUM(J65:AO65) -> 0
H66: 出库 | I66: =SUM(J66:AO66) -> 500 | AB66: 500
A67: 28 | B67: SKD440型 | C67: M6*1.0-L10-OD12.0 | D67: C3604 | E67: 74 | F67: pcs | G67: =E67+I67-I68 -> 74 | H67: 入库 | I67: =SUM(J67:AO67) -> 0
H68: 出库 | I68: =SUM(J68:AO68) -> 0
A69: 29 | B69: SKD440型 | C69: M6*1.0-L15-OD12.0 | D69: C3604 | E69: 219 | F69: pcs | G69: =E69+I69-I70 -> 177 | H69: 入库 | I69: =SUM(J69:AO69) -> 0
H70: 出库 | I70: =SUM(J70:AO70) -> 42 | Q70: 42
A71: 29 | B71: SKD440型 | C71: M6*1.0-L8-OD12.0 | D71: 1215蓝锌 | E71: 0 | F71: pcs | G71: =E71+I71-I72 -> 1255 | H71: 入库 | I71: =SUM(J71:AO71) -> 13260 | P71: 13260
H72: 出库 | I72: =SUM(J72:AO72) -> 12005 | P72: 12005
A73: 29 | B73: SKD440型 | C73: M6*1.0-L15-OD12.0 | D73: 1215蓝锌 | E73: 0 | F73: pcs | G73: =E73+I73-I74 -> 180 | H73: 入库 | I73: =SUM(J73:AO73) -> 4685 | N73: 4685
H74: 出库 | I74: =SUM(J74:AO74) -> 4505 | N74: 4505
A75: 30 | B75: SKD440型 | C75: M8*1.25-L25-OD14.0 | D75: SUS303 | E75: 218 | F75: pcs | G75: =E75+I75-I76 -> 218 | H75: 入库 | I75: =SUM(J75:AO75) -> 0
H76: 出库 | I76: =SUM(J76:AO76) -> 0
A77: 31 | B77: SKD440型 | C77: M8*1.25-L20-OD14.0 | D77: SUS303 | E77: 0 | F77: pcs | G77: =E77+I77-I78 -> 0 | H77: 入库 | I77: =SUM(J77:AO77) -> 0
H78: 出库 | I78: =SUM(J78:AO78) -> 0
A79: 32 | B79: SKD440型 | C79: M8*1.25-L18-OD14.0 | D79: SUS303 | E79: 366 | F79: pcs | G79: =E79+I79-I80 -> 366 | H79: 入库 | I79: =SUM(J79:AO79) -> 0
H80: 出库 | I80: =SUM(J80:AO80) -> 0
A81: 33 | B81: SKD440型 | C81: M8*1.25-L15-OD14.0 | D81: SUS303 | E81: 4820 | F81: pcs | G81: =E81+I81-I82 -> 4798 | H81: 入库 | I81: =SUM(J81:AO81) -> 5080 | AB81: 5080
H82: 出库 | I82: =SUM(J82:AO82) -> 5102 | S82: 50 | AB82: 5000 | AI82: 52
A83: 30 | B83: SKD440型 | C83: M8*1.25-L12-OD14.0 | D83: SUS303 | E83: 1455 | F83: pcs | G83: =E83+I83-I84 -> 1455 | H83: 入库 | I83: =SUM(J83:AO83) -> 0
H84: 出库 | I84: =SUM(J84:AO84) -> 0
A85: 30 | B85: SKD440型 | C85: M8*1.25-L15-OD15.0 | D85: C3604 | E85: 0 | F85: pcs | G85: =E85+I85-I86 -> 0 | H85: 入库 | I85: =SUM(J85:AO85) -> 0
H86: 出库 | I86: =SUM(J86:AO86) -> 0
A87: 30 | B87: SKD440型 | C87: M8*1.25-L15-OD14.0 | D87: 1215蓝锌 | E87: 0 | F87: pcs | G87: =E87+I87-I88 -> 40 | H87: 入库 | I87: =SUM(J87:AO87) -> 4545 | N87: 4545
H88: 出库 | I88: =SUM(J88:AO88) -> 4505 | N88: 4505
A89: 34 | B89: SKD440型 | C89: M10*1.5-L15-OD16.0 | D89: SUS303 | E89: 0 | F89: pcs | G89: =E89+I89-I90 -> 735 | H89: 入库 | I89: =SUM(J89:AO89) -> 1035 | K89: 1035
H90: 出库 | I90: =SUM(J90:AO90) -> 300 | L90: 100 | Y90: 200
A91: 35 | B91: SKD440型 | C91: M10*1.5-L18-OD16.0 | D91: SUS303 | E91: 155 | F91: pcs | G91: =E91+I91-I92 -> 155 | H91: 入库 | I91: =SUM(J91:AO91) -> 0
H92: 出库 | I92: =SUM(J92:AO92) -> 0
A93: 36 | B93: SKD440型 | C93: M10*1.5-L20-OD16.0 | D93: SUS303 | E93: 68 | F93: pcs | G93: =E93+I93-I94 -> 68 | H93: 入库 | I93: =SUM(J93:AO93) -> 0
H94: 出库 | I94: =SUM(J94:AO94) -> 0
A95: 37 | B95: SKD440型 | C95: M10*1.5-L20-OD18.5 | D95: SUS303 | E95: 965 | F95: pcs | G95: =E95+I95-I96 -> 965 | H95: 入库 | I95: =SUM(J95:AO95) -> 0
H96: 出库 | I96: =SUM(J96:AO96) -> 0
A97: 38 | B97: SKD440型 | C97: M10*1.5-L25-OD18.5 | D97: SUS303 | E97: 339 | F97: pcs | G97: =E97+I97-I98 -> 339 | H97: 入库 | I97: =SUM(J97:AO97) -> 0
H98: 出库 | I98: =SUM(J98:AO98) -> 0
A99: 39 | B99: SKD440型 | C99: M10*1.5-L18-OD18.5 | D99: SUS303 | E99: 583 | F99: pcs | G99: =E99+I99-I100 -> 583 | H99: 入库 | I99: =SUM(J99:AO99) -> 0
H100: 出库 | I100: =SUM(J100:AO100) -> 0
...

Sheet 公制 插销螺套
A1: 插销螺套库存明细
A2: 日期 | B2: ='302槽型'!B2 -> 46023 | D2: 本月入库统计 | H2: 每日入库统计
D3: 本月出库统计 | H3: 每日出库统计
A4: 序号 | B4: 类别 | C4: 规格 | D4: 材质 | E4: 上月结存 | F4: 单位 | G4: 现库存 | H4: 入/出库 | I4: 汇总 | J4: ='302槽型'!J4 -> 46023 | K4: ='302槽型'!K4 -> 46024 | L4: ='302槽型'!L4 -> 46025 | M4: ='302槽型'!M4 -> 46026 | N4: ='302槽型'!N4 -> 46027 | O4: ='302槽型'!O4 -> 46028 | P4: ='302槽型'!P4 -> 46029 | Q4: ='302槽型'!Q4 -> 46030 | ... AN4: ='302槽型'!AN4 -> 46053 | AQ4: 备注
A5: =MAX(A4:$A$4)+1 -> 1 | B5: 轻型插销螺套 | C5: M2*0.4-L3-M4*0.7 | D5: SUS303 | E5: 440 | F5: pcs | G5: =E5+I5-I6 -> 440 | H5: 入库 | I5: =SUM(J5:AO5) -> 0
H6: 出库 | I6: =SUM(J6:AO6) -> 0
A7: =MAX(A$4:$A6)+1 -> 2 | B7: 重型插销螺套 | C7: M2*0.4-L3-M5*0.8 | D7: SUS303 | E7: 28 | F7: pcs | G7: =E7+I7-I8 -> 28 | H7: 入库 | I7: =SUM(J7:AO7) -> 0
H8: 出库 | I8: =SUM(J8:AO8) -> 0
A9: =MAX(A$4:$A8)+1 -> 3 | B9: 轻型插销螺套 | C9: M2.5*0.45-L3.8-M4.5*0.75 | D9: SUS303 | E9: 503 | F9: pcs | G9: =E9+I9-I10 -> 503 | H9: 入库 | I9: =SUM(J9:AO9) -> 0
H10: 出库 | I10: =SUM(J10:AO10) -> 0
A11: =MAX(A$4:$A10)+1 -> 4 | B11: 轻型插销螺套 | C11: M2.5*0.45-L3-M5*0.8 | D11: SUS303 | E11: 80 | F11: pcs | G11: =E11+I11-I12 -> 80 | H11: 入库 | I11: =SUM(J11:AO11) -> 0
H12: 出库 | I12: =SUM(J12:AO12) -> 0
A13: =MAX(A$4:$A12)+1 -> 5 | B13: 轻型插销螺套 | C13: M3*0.5-L4.2-M5*0.8 | D13: SUS303 | E13: 1101 | F13: pcs | G13: =E13+I13-I14 -> 20751 | H13: 入库 | I13: =SUM(J13:AO13) -> 19850 | S13: 12870 | AF13: 6980
H14: 出库 | I14: =SUM(J14:AO14) -> 200 | AL14: 200
A15: =MAX(A$4:$A14)+1 -> 6 | B15: 轻型插销螺套 | C15: M3*0.5-L6-M5*0.8 | D15: SUS303 | E15: 24365 | F15: pcs | G15: =E15+I15-I16 -> 39790 | H15: 入库 | I15: =SUM(J15:AO15) -> 15425 | Q15: 15425
H16: 出库 | I16: =SUM(J16:AO16) -> 0
A17: =MAX(A$4:$A16)+1 -> 7 | B17: 轻型插销螺套 | C17: M3*0.5-L5-M5*0.8 | D17: SUS303 | E17: 2680 | F17: pcs | G17: =E17+I17-I18 -> 2680 | H17: 入库 | I17: =SUM(J17:AO17) -> 0
H18: 出库 | I18: =SUM(J18:AO18) -> 0
A19: =MAX(A$4:$A18)+1 -> 8 | B19: 轻型插销螺套 | C19: M3*0.5-L8-M5*0.8 | D19: SUS303 | E19: 12211 | F19: pcs | G19: =E19+I19-I20 -> 11711 | H19: 入库 | I19: =SUM(J19:AO19) -> 0
H20: 出库 | I20: =SUM(J20:AO20) -> 500 | N20: 500
A21: =MAX(A$4:$A20)+1 -> 9 | B21: 轻型插销螺套 | C21: M3*0.5-L10-M5*0.8 | D21: SUS303 | E21: 14880 | F21: pcs | G21: =E21+I21-I22 -> 14380 | H21: 入库 | I21: =SUM(J21:AO21) -> 0
H22: 出库 | I22: =SUM(J22:AO22) -> 500 | N22: 500
A23: =MAX(A$4:$A22)+1 -> 10 | B23: 轻型插销螺套 | C23: M4*0.7-L5.2-M6*0.75 | D23: SUS303 | E23: 46976 | F23: pcs | G23: =E23+I23-I24 -> 75176 | H23: 入库 | I23: =SUM(J23:AO23) -> 28200 | K23: 5000 | W23: 6600 | AM23: 16600
H24: 出库 | I24: =SUM(J24:AO24) -> 0
A25: =MAX(A$4:$A24)+1 -> 11 | B25: 轻型插销螺套 | C25: M4*0.7-L6-M6*0.75 | D25: SUS303 | E25: 3205 | F25: pcs | G25: =E25+I25-I26 -> 3205 | H25: 入库 | I25: =SUM(J25:AO25) -> 0
H26: 出库 | I26: =SUM(J26:AO26) -> 0
A27: =MAX(A$4:$A26)+1 -> 12 | B27: 轻型插销螺套 | C27: M4*0.7-L8-M6*0.75 | D27: SUS303 | E27: 22913 | F27: pcs | G27: =E27+I27-I28 -> 22873 | H27: 入库 | I27: =SUM(J27:AO27) -> 0
H28: 出库 | I28: =SUM(J28:AO28) -> 40 | AG28: 40
A29: =MAX(A$4:$A28)+1 -> 13 | B29: 轻型插销螺套 | C29: M4*0.7-L10-M6*0.75 | D29: SUS303 | E29: 9830 | F29: pcs | G29: =E29+I29-I30 -> 9330 | H29: 入库 | I29: =SUM(J29:AO29) -> 0
H30: 出库 | I30: =SUM(J30:AO30) -> 500 | AF30: 500
A31: =MAX(A$4:$A30)+1 -> 14 | B31: 轻型插销螺套 | C31: M4*0.7-L12-M6*0.75 | D31: SUS303 | E31: 9665 | F31: pcs | G31: =E31+I31-I32 -> 9665 | H31: 入库 | I31: =SUM(J31:AO31) -> 0
H32: 出库 | I32: =SUM(J32:AO32) -> 0
A33: =MAX(A$4:$A32)+1 -> 15 | B33: 轻型插销螺套 | C33: M4*0.7-L15-M6*0.75 | D33: SUS303 | E33: 0 | F33: pcs | G33: =E33+I33-I34 -> 0 | H33: 入库 | I33: =SUM(J33:AO33) -> 0
H34: 出库 | I34: =SUM(J34:AO34) -> 0
A35: =MAX(A$4:$A34)+1 -> 16 | B35: 轻型插销螺套 | C35: M5*0.8-L6-M8*1.25 | D35: SUS303 | E35: 0 | F35: pcs | G35: =E35+I35-I36 -> 1500 | H35: 入库 | I35: =SUM(J35:AO35) -> 1500 | W35: 1500
H36: 出库 | I36: =SUM(J36:AO36) -> 0
A37: =MAX(A$4:$A36)+1 -> 17 | B37: 轻型插销螺套 | C37: M5*0.8-L8-M8*1.25 | D37: SUS303 | E37: 47327 | F37: pcs | G37: =E37+I37-I38 -> 53672 | H37: 入库 | I37: =SUM(J37:AO37) -> 12365 | K37: 12365
H38: 出库 | I38: =SUM(J38:AO38) -> 6020 | S38: 6020
A39: =MAX(A$4:$A38)+1 -> 18 | B39: 轻型插销螺套 | C39: M5*0.8-L10-M8*1.25 | D39: SUS303 | E39: 1346 | F39: pcs | G39: =E39+I39-I40 -> 7501 | H39: 入库 | I39: =SUM(J39:AO39) -> 6155 | R39: 3215 | AI39: 2940
H40: 出库 | I40: =SUM(J40:AO40) -> 0
A41: =MAX(A$4:$A40)+1 -> 19 | B41: 轻型插销螺套 | C41: M5*0.8-L12-M8*1.25 | D41: SUS303 | E41: 935 | F41: pcs | G41: =E41+I41-I42 -> 935 | H41: 入库 | I41: =SUM(J41:AO41) -> 0
H42: 出库 | I42: =SUM(J42:AO42) -> 0
A43: =MAX(A$4:$A42)+1 -> 20 | B43: 轻型插销螺套 | C43: M5*0.8-L15-M8*1.25 | D43: SUS303 | E43: 545 | F43: pcs | G43: =E43+I43-I44 -> 545 | H43: 入库 | I43: =SUM(J43:AO43) -> 0
H44: 出库 | I44: =SUM(J44:AO44) -> 0
A45: =MAX(A$4:$A44)+1 -> 21 | B45: 轻型插销螺套 | C45: M5*0.8-L20-M8*1.25 | D45: SUS303 | E45: 1335 | F45: pcs | G45: =E45+I45-I46 -> 1335 | H45: 入库 | I45: =SUM(J45:AO45) -> 0
H46: 出库 | I46: =SUM(J46:AO46) -> 0
A47: =MAX(A$4:$A44)+1 -> 21 | B47: 轻型插销螺套 | C47: M6*1.0-L6-M10*1.25 | D47: SUS303 | E47: 145 | F47: pcs | G47: =E47+I47-I48 -> 145 | H47: 入库 | I47: =SUM(J47:AO47) -> 0
H48: 出库 | I48: =SUM(J48:AO48) -> 0
A49: =MAX(A$4:$A46)+1 -> 22 | B49: 轻型插销螺套 | C49: M6*1.0-L8-M10*1.25 | D49: SUS303 | E49: 6955 | F49: pcs | G49: =E49+I49-I50 -> 6955 | H49: 入库 | I49: =SUM(J49:AO49) -> 0
H50: 出库 | I50: =SUM(J50:AO50) -> 0
A51: =MAX(A$4:$A50)+1 -> 23 | B51: 轻型插销螺套 | C51: M6*1.0-L10-M10*1.25 | D51: SUS303 | E51: 22860 | F51: pcs | G51: =E51+I51-I52 -> 23541 | H51: 入库 | I51: =SUM(J51:AO51) -> 3705 | K51: 3705
H52: 出库 | I52: =SUM(J52:AO52) -> 3024 | AB52: 3024
A53: =MAX(A$4:$A52)+1 -> 24 | B53: 轻型插销螺套 | C53: M6*1.0-L12-M10*1.25 | D53: SUS303 | E53: 716 | F53: pcs | G53: =E53+I53-I54 -> 716 | H53: 入库 | I53: =SUM(J53:AO53) -> 0
H54: 出库 | I54: =SUM(J54:AO54) -> 0
A55: =MAX(A$4:$A54)+1 -> 25 | B55: 轻型插销螺套 | C55: M6*1.0-L15-M10*1.25 | D55: SUS303 | E55: 460 | F55: pcs | G55: =E55+I55-I56 -> 460 | H55: 入库 | I55: =SUM(J55:AO55) -> 0
H56: 出库 | I56: =SUM(J56:AO56) -> 0
A57: =MAX(A$4:$A56)+1 -> 26 | B57: 轻型插销螺套 | C57: M6*1.0-L14-M10*1.25 | D57: SUS303 | E57: 1021 | F57: pcs | G57: =E57+I57-I58 -> 1021 | H57: 入库 | I57: =SUM(J57:AO57) -> 0
H58: 出库 | I58: =SUM(J58:AO58) -> 0
A59: =MAX(A$4:$A58)+1 -> 27 | B59: 轻型插销螺套 | C59: M6*1.0-L19.5-M10*1.25 | D59: SUS303 | E59: 222 | F59: pcs | G59: =E59+I59-I60 -> 222 | H59: 入库 | I59: =SUM(J59:AO59) -> 0
H60: 出库 | I60: =SUM(J60:AO60) -> 0
A61: =MAX(A$4:$A60)+1 -> 28 | B61: 轻型插销螺套 | C61: M8*1.25-L8-M12*1.25 | D61: SUS303 | E61: 2699 | F61: pcs | G61: =E61+I61-I62 -> 2699 | H61: 入库 | I61: =SUM(J61:AO61) -> 0
H62: 出库 | I62: =SUM(J62:AO62) -> 0
A63: =MAX(A$4:$A62)+1 -> 29 | B63: 轻型插销螺套 | C63: M8*1.25-L10-M12*1.25 | D63: SUS303 | E63: 23734 | F63: pcs | G63: =E63+I63-I64 -> 19674 | H63: 入库 | I63: =SUM(J63:AO63) -> 0
H64: 出库 | I64: =SUM(J64:AO64) -> 4060 | AB64: 4060
A65: =MAX(A$4:$A64)+1 -> 30 | B65: 轻型插销螺套 | C65: M8*1.25-L12-M12*1.25 | D65: SUS303 | E65: 59742 | F65: pcs | G65: =E65+I65-I66 -> 59742 | H65: 入库 | I65: =SUM(J65:AO65) -> 0
H66: 出库 | I66: =SUM(J66:AO66) -> 0
A67: =MAX(A$4:$A66)+1 -> 31 | B67: 轻型插销螺套 | C67: M8*1.25-L15-M12*1.25 | D67: SUS303 | E67: 725 | F67: pcs | G67: =E67+I67-I68 -> 290 | H67: 入库 | I67: =SUM(J67:AO67) -> 0
H68: 出库 | I68: =SUM(J68:AO68) -> 435 | S68: 435
A69: =MAX(A$4:$A68)+1 -> 32 | B69: 轻型插销螺套 | C69: M8*1.25-L20-M12*1.25 | D69: SUS303 | E69: 1470 | F69: pcs | G69: =E69+I69-I70 -> 1470 | H69: 入库 | I69: =SUM(J69:AO69) -> 0
H70: 出库 | I70: =SUM(J70:AO70) -> 0
A71: =MAX(A$4:$A70)+1 -> 33 | B71: 轻型插销螺套 | C71: M8*1.25-L25-M12*1.25 | D71: SUS303 | E71: 286 | F71: pcs | G71: =E71+I71-I72 -> 286 | H71: 入库 | I71: =SUM(J71:AO71) -> 0
H72: 出库 | I72: =SUM(J72:AO72) -> 0
A73: =MAX(A$4:$A72)+1 -> 34 | B73: 轻型插销螺套 | C73: M10*1.5-L10-M14*1.5 | D73: SUS303 | E73: 36 | F73: pcs | G73: =E73+I73-I74 -> 36 | H73: 入库 | I73: =SUM(J73:AO73) -> 0
H74: 出库 | I74: =SUM(J74:AO74) -> 0
A75: =MAX(A$4:$A74)+1 -> 35 | B75: 轻型插销螺套 | C75: M10*1.5-L12-M14*1.5 | D75: SUS303 | E75: 659 | F75: pcs | G75: =E75+I75-I76 -> 659 | H75: 入库 | I75: =SUM(J75:AO75) -> 0
H76: 出库 | I76: =SUM(J76:AO76) -> 0
A77: =MAX(A$4:$A76)+1 -> 36 | B77: 轻型插销螺套 | C77: M10*1.5-L14-M14*1.5 | D77: SUS303 | E77: 19474 | F77: pcs | G77: =E77+I77-I78 -> 19189 | H77: 入库 | I77: =SUM(J77:AO77) -> 0
H78: 出库 | I78: =SUM(J78:AO78) -> 285 | X78: 200 | AI78: 85
A79: =MAX(A$4:$A78)+1 -> 37 | B79: 轻型插销螺套 | C79: M10*1.5-L15-M14*1.5 | D79: SUS303 | E79: 0 | F79: pcs | G79: =E79+I79-I80 -> 0 | H79: 入库 | I79: =SUM(J79:AO79) -> 0
H80: 出库 | I80: =SUM(J80:AO80) -> 0
A81: =MAX(A$4:$A80)+1 -> 38 | B81: 轻型插销螺套 | C81: M10*1.5-L16-M14*1.5 | D81: SUS303 | E81: 215 | F81: pcs | G81: =E81+I81-I82 -> 215 | H81: 入库 | I81: =SUM(J81:AO81) -> 0
H82: 出库 | I82: =SUM(J82:AO82) -> 0
A83: =MAX(A$4:$A82)+1 -> 39 | B83: 轻型插销螺套 | C83: M10*1.5-L20-M14*1.5 | D83: SUS303 | E83: 421 | F83: pcs | G83: =E83+I83-I84 -> 421 | H83: 入库 | I83: =SUM(J83:AO83) -> 0
H84: 出库 | I84: =SUM(J84:AO84) -> 0
A85: =MAX(A$4:$A84)+1 -> 40 | B85: 轻型插销螺套 | C85: M10*1.5-L25-M14*1.5 | D85: SUS303 | E85: 971 | F85: pcs | G85: =E85+I85-I86 -> 971 | H85: 入库 | I85: =SUM(J85:AO85) -> 0
H86: 出库 | I86: =SUM(J86:AO86) -> 0
A87: =MAX(A$4:$A86)+1 -> 41 | B87: 轻型插销螺套 | C87: M10*1.5-L30-M14*1.5 | D87: SUS303 | E87: 670 | F87: pcs | G87: =E87+I87-I88 -> 670 | H87: 入库 | I87: =SUM(J87:AO87) -> 0
H88: 出库 | I88: =SUM(J88:AO88) -> 0
A89: =MAX(A$4:$A88)+1 -> 42 | B89: 轻型插销螺套 | C89: M12*1.75-L12-M16*1.5 | D89: SUS303 | E89: 1911 | F89: pcs | G89: =E89+I89-I90 -> 1911 | H89: 入库 | I89: =SUM(J89:AO89) -> 0
H90: 出库 | I90: =SUM(J90:AO90) -> 0
A91: =MAX(A$4:$A90)+1 -> 43 | B91: 轻型插销螺套 | C91: M12*1.75-L16-M16*1.5 | D91: SUS303 | E91: 19065 | F91: pcs | G91: =E91+I91-I92 -> 19057 | H91: 入库 | I91: =SUM(J91:AO91) -> 0
H92: 出库 | I92: =SUM(J92:AO92) -> 8 | X92: 8
A93: =MAX(A$4:$A92)+1 -> 44 | B93: 轻型插销螺套 | C93: M12*1.75-L20-M16*1.5 | D93: SUS303 | E93: 1528 | F93: pcs | G93: =E93+I93-I94 -> 1528 | H93: 入库 | I93: =SUM(J93:AO93) -> 0
H94: 出库 | I94: =SUM(J94:AO94) -> 0
A95: =MAX(A$4:$A94)+1 -> 45 | B95: 重型插销螺套 | C95: M4*0.7-L8-M8*1.25 | D95: SUS303 | E95: 5807 | F95: pcs | G95: =E95+I95-I96 -> 5307 | H95: 入库 | I95: =SUM(J95:AO95) -> 0
H96: 出库 | I96: =SUM(J96:AO96) -> 500 | AF96: 500
A97: =MAX(A$4:$A96)+1 -> 46 | B97: 重型插销螺套 | C97: M4*0.7-L10-M8*1.25 | D97: SUS303 | E97: 125 | F97: pcs | G97: =E97+I97-I98 -> 125 | H97: 入库 | I97: =SUM(J97:AO97) -> 0
H98: 出库 | I98: =SUM(J98:AO98) -> 0
A99: =MAX(A$4:$A98)+1 -> 47 | B99: 重型插销螺套 | C99: M4*0.7-L20-M8*1.25 | D99: SUS303 | E99: 139 | F99: pcs | G99: =E99+I99-I100 -> 139 | H99: 入库 | I99: =SUM(J99:AO99) -> 0
H100: 出库 | I100: =SUM(J100:AO100) -> 0
...

Sheet  自锁 插销螺套 
A1: 插销螺套库存明细
A2: 日期 | B2: ='302槽型'!B2 -> 46023 | D2: 本月入库统计 | H2: 每日入库统计
D3: 本月出库统计 | H3: 每日出库统计
A4: 序号 | B4: 类别 | C4: 规格 | D4: 材质 | E4: 上月结存 | F4: 单位 | G4: 现库存 | H4: 入/出库 | I4: 汇总 | J4: ='302槽型'!J4 -> 46023 | K4: ='302槽型'!K4 -> 46024 | L4: ='302槽型'!L4 -> 46025 | M4: ='302槽型'!M4 -> 46026 | N4: ='302槽型'!N4 -> 46027 | O4: ='302槽型'!O4 -> 46028 | P4: ='302槽型'!P4 -> 46029 | Q4: ='302槽型'!Q4 -> 46030 | ... AN4: ='302槽型'!AN4 -> 46053 | AQ4: 备注
A5: =MAX(A$4:$A4)+1 -> 1 | B5: 自锁插销螺套 | C5: M3*0.5-L4.2-M5*0.8 | D5: SUS303 | E5: 1205 | F5: pcs | G5: =E5+I5-I6 -> 1205 | H5: 入库 | I5: =SUM(J5:AO5) -> 0
H6: 出库 | I6: =SUM(J6:AO6) -> 0
A7: =MAX(A$4:$A6)+1 -> 2 | B7: 自锁插销螺套 | C7: M4*0.7-L5.2-M6*0.75 | D7: SUS303 | E7: 6995 | F7: pcs | G7: =E7+I7-I8 -> 6995 | H7: 入库 | I7: =SUM(J7:AO7) -> 0
H8: 出库 | I8: =SUM(J8:AO8) -> 0
A9: =MAX(A$4:$A8)+1 -> 3 | B9: 自锁插销螺套 | C9: M5*0.8-L8-M8*1.25 | D9: SUS303 | E9: 1559 | F9: pcs | G9: =E9+I9-I10 -> 1559 | H9: 入库 | I9: =SUM(J9:AO9) -> 0
H10: 出库 | I10: =SUM(J10:AO10) -> 0
A11: =MAX(A$4:$A10)+1 -> 4 | B11: 自锁插销螺套 | C11: M6*1.0-L10-M10*1.25 | D11: SUS303 | E11: 315 | F11: pcs | G11: =E11+I11-I12 -> 315 | H11: 入库 | I11: =SUM(J11:AO11) -> 0
H12: 出库 | I12: =SUM(J12:AO12) -> 0
A13: =MAX(A$4:$A12)+1 -> 5 | B13: 自锁插销螺套 | C13: M6*1.0-L12-M12*1.25 | D13: SUS303 | E13: 1338 | F13: pcs | G13: =E13+I13-I14 -> 1338 | H13: 入库 | I13: =SUM(J13:AO13) -> 0
H14: 出库 | I14: =SUM(J14:AO14) -> 0
A15: =MAX(A$4:$A14)+1 -> 6 | B15: 自锁插销螺套 | C15: M5*0.8-L10-M10*1.25 | D15: SUS303 | E15: 653 | F15: pcs | G15: =E15+I15-I16 -> 653 | H15: 入库 | I15: =SUM(J15:AO15) -> 0
H16: 出库 | I16: =SUM(J16:AO16) -> 0
A17: =MAX(A$4:$A16)+1 -> 7 | B17: 自锁插销螺套 | C17: M8*1.25-L12-M12*1.25 | D17: SUS303 | E17: 25 | F17: pcs | G17: =E17+I17-I18 -> 25 | H17: 入库 | I17: =SUM(J17:AO17) -> 0
H18: 出库 | I18: =SUM(J18:AO18) -> 0
A19: =MAX(A$4:$A18)+1 -> 8 | B19: 自锁插销螺套 | C19: M10*1.5-L14-M14*1.5 | D19: SUS303 | E19: 475 | F19: pcs | G19: =E19+I19-I20 -> 475 | H19: 入库 | I19: =SUM(J19:AO19) -> 0
H20: 出库 | I20: =SUM(J20:AO20) -> 0
A21: =MAX(A$4:$A20)+1 -> 9 | B21: 自锁插销螺套 | C21: M12*1.75-L18-M18*1.5 | D21: SUS303 | E21: 191 | F21: pcs | G21: =E21+I21-I22 -> 191 | H21: 入库 | I21: =SUM(J21:AO21) -> 0
H22: 出库 | I22: =SUM(J22:AO22) -> 0
A23: =MAX(A$4:$A22)+1 -> 10 | B23: 自锁插销螺套 | C23: M12*1.75-L16-M16*1.5（线割） | D23: SUS303 | E23: 172 | F23: pcs | G23: =E23+I23-I24 -> 172 | H23: 入库 | I23: =SUM(J23:AO23) -> 0
H24: 出库 | I24: =SUM(J24:AO24) -> 0
A25: =MAX(A$4:$A24)+1 -> 11 | B25: 自锁插销螺套 | C25: M16*2.0-L22-M22*1.5 | D25: SUS303 | E25: 55 | F25: pcs | G25: =E25+I25-I26 -> 55 | H25: 入库 | I25: =SUM(J25:AO25) -> 0
H26: 出库 | I26: =SUM(J26:AO26) -> 0
A27: =MAX(A$4:$A26)+1 -> 12 | B27: 自锁插销螺套 | C27: 1/2--L17.2-3/4- | D27: SUS303 | E27: 564 | F27: pcs | G27: =E27+I27-I28 -> 564 | H27: 入库 | I27: =SUM(J27:AO27) -> 0
H28: 出库 | I28: =SUM(J28:AO28) -> 0
A29: =MAX(A$4:$A28)+1 -> 13 | E29: 0 | F29: pcs | G29: =E29+I29-I30 -> 0 | H29: 入库 | I29: =SUM(J29:AO29) -> 0
H30: 出库 | I30: =SUM(J30:AO30) -> 0
A31: =MAX(A$4:$A30)+1 -> 14 | E31: 0 | F31: pcs | G31: =E31+I31-I32 -> 0 | H31: 入库 | I31: =SUM(J31:AO31) -> 0
H32: 出库 | I32: =SUM(J32:AO32) -> 0
A33: =MAX(A$4:$A32)+1 -> 15 | E33: 0 | F33: pcs | G33: =E33+I33-I34 -> 0 | H33: 入库 | I33: =SUM(J33:AO33) -> 0
H34: 出库 | I34: =SUM(J34:AO34) -> 0
A35: =MAX(A$4:$A34)+1 -> 16 | E35: 0 | F35: pcs | G35: =E35+I35-I36 -> 0 | H35: 入库 | I35: =SUM(J35:AO35) -> 0
H36: 出库 | I36: =SUM(J36:AO36) -> 0
A37: =MAX(A$4:$A36)+1 -> 17 | F37: pcs | G37: =E37+I37-I38 -> 0 | H37: 入库 | I37: =SUM(J37:AO37) -> 0
H38: 出库 | I38: =SUM(J38:AO38) -> 0
A39: =MAX(A$4:$A38)+1 -> 18 | F39: pcs | G39: =E39+I39-I40 -> 0 | H39: 入库 | I39: =SUM(J39:AO39) -> 0
H40: 出库 | I40: =SUM(J40:AO40) -> 0
A41: =MAX(A$4:$A40)+1 -> 19 | F41: pcs | G41: =E41+I41-I42 -> 0 | H41: 入库 | I41: =SUM(J41:AO41) -> 0
H42: 出库 | I42: =SUM(J42:AO42) -> 0
A43: =MAX(A$4:$A42)+1 -> 20 | F43: pcs | G43: =E43+I43-I44 -> 0 | H43: 入库 | I43: =SUM(J43:AO43) -> 0
H44: 出库 | I44: =SUM(J44:AO44) -> 0
A45: =MAX(A$4:$A44)+1 -> 21 | F45: pcs | G45: =E45+I45-I46 -> 0 | H45: 入库 | I45: =SUM(J45:AO45) -> 0
H46: 出库 | I46: =SUM(J46:AO46) -> 0
A47: =MAX(A$4:$A46)+1 -> 22 | F47: pcs | G47: =E47+I47-I48 -> 0 | H47: 入库 | I47: =SUM(J47:AO47) -> 0
H48: 出库 | I48: =SUM(J48:AO48) -> 0
A49: =MAX(A$4:$A48)+1 -> 23 | F49: pcs | G49: =E49+I49-I50 -> 0 | H49: 入库 | I49: =SUM(J49:AO49) -> 0
H50: 出库 | I50: =SUM(J50:AO50) -> 0
A51: =MAX(A$4:$A50)+1 -> 24 | F51: pcs | G51: =E51+I51-I52 -> 0 | H51: 入库 | I51: =SUM(J51:AO51) -> 0
H52: 出库 | I52: =SUM(J52:AO52) -> 0
A53: =MAX(A$4:$A52)+1 -> 25 | F53: pcs | G53: =E53+I53-I54 -> 0 | H53: 入库 | I53: =SUM(J53:AO53) -> 0
H54: 出库 | I54: =SUM(J54:AO54) -> 0
A55: =MAX(A$4:$A54)+1 -> 26 | F55: pcs | G55: =E55+I55-I56 -> 0 | H55: 入库 | I55: =SUM(J55:AO55) -> 0
H56: 出库 | I56: =SUM(J56:AO56) -> 0
A57: =MAX(A$4:$A56)+1 -> 27 | F57: pcs | G57: =E57+I57-I58 -> 0 | H57: 入库 | I57: =SUM(J57:AO57) -> 0
H58: 出库 | I58: =SUM(J58:AO58) -> 0
A59: =MAX(A$4:$A58)+1 -> 28 | F59: pcs | G59: =E59+I59-I60 -> 0 | H59: 入库 | I59: =SUM(J59:AO59) -> 0
H60: 出库 | I60: =SUM(J60:AO60) -> 0
A61: =MAX(A$4:$A60)+1 -> 29 | F61: pcs | G61: =E61+I61-I62 -> 0 | H61: 入库 | I61: =SUM(J61:AO61) -> 0
H62: 出库 | I62: =SUM(J62:AO62) -> 0
A63: =MAX(A$4:$A62)+1 -> 30 | F63: pcs | G63: =E63+I63-I64 -> 0 | H63: 入库 | I63: =SUM(J63:AO63) -> 0
H64: 出库 | I64: =SUM(J64:AO64) -> 0
A65: =MAX(A$4:$A64)+1 -> 31 | F65: pcs | G65: =E65+I65-I66 -> 0 | H65: 入库 | I65: =SUM(J65:AO65) -> 0
H66: 出库 | I66: =SUM(J66:AO66) -> 0
A67: =MAX(A$4:$A66)+1 -> 32 | F67: pcs | G67: =E67+I67-I68 -> 0 | H67: 入库 | I67: =SUM(J67:AO67) -> 0
H68: 出库 | I68: =SUM(J68:AO68) -> 0
A69: 190 | F69: pcs | G69: =E69+I69-I70 -> 0 | H69: 入库 | I69: =SUM(J69:AO69) -> 0
H70: 出库 | I70: =SUM(J70:AO70) -> 0
A71: 191 | F71: pcs | G71: =E71+I71-I72 -> 0 | H71: 入库 | I71: =SUM(J71:AO71) -> 0
H72: 出库 | I72: =SUM(J72:AO72) -> 0
A73: 192 | F73: pcs | G73: =E73+I73-I74 -> 0 | H73: 入库 | I73: =SUM(J73:AO73) -> 0
H74: 出库 | I74: =SUM(J74:AO74) -> 0
A75: 193 | F75: pcs | G75: =E75+I75-I76 -> 0 | H75: 入库 | I75: =SUM(J75:AO75) -> 0
H76: 出库 | I76: =SUM(J76:AO76) -> 0
A77: 194 | F77: pcs | G77: =E77+I77-I78 -> 0 | H77: 入库 | I77: =SUM(J77:AO77) -> 0
H78: 出库 | I78: =SUM(J78:AO78) -> 0
A79: 195 | F79: pcs | G79: =E79+I79-I80 -> 0 | H79: 入库 | I79: =SUM(J79:AO79) -> 0
H80: 出库 | I80: =SUM(J80:AO80) -> 0
A81: 196 | F81: pcs | G81: =E81+I81-I82 -> 0 | H81: 入库 | I81: =SUM(J81:AO81) -> 0
H82: 出库 | I82: =SUM(J82:AO82) -> 0
A83: 197 | F83: pcs | G83: =E83+I83-I84 -> 0 | H83: 入库 | I83: =SUM(J83:AO83) -> 0
H84: 出库 | I84: =SUM(J84:AO84) -> 0
A85: 198 | F85: pcs | G85: =E85+I85-I86 -> 0 | H85: 入库 | I85: =SUM(J85:AO85) -> 0
H86: 出库 | I86: =SUM(J86:AO86) -> 0
A87: 199 | F87: pcs | G87: =E87+I87-I88 -> 0 | H87: 入库 | I87: =SUM(J87:AO87) -> 0
H88: 出库 | I88: =SUM(J88:AO88) -> 0
A89: 200 | F89: pcs | G89: =E89+I89-I90 -> 0 | H89: 入库 | I89: =SUM(J89:AO89) -> 0
H90: 出库 | I90: =SUM(J90:AO90) -> 0
A91: 201 | F91: pcs | G91: =E91+I91-I92 -> 0 | H91: 入库 | I91: =SUM(J91:AO91) -> 0
H92: 出库 | I92: =SUM(J92:AO92) -> 0
A93: 202 | F93: pcs | G93: =E93+I93-I94 -> 0 | H93: 入库 | I93: =SUM(J93:AO93) -> 0
H94: 出库 | I94: =SUM(J94:AO94) -> 0
A95: 203 | F95: pcs | G95: =E95+I95-I96 -> 0 | H95: 入库 | I95: =SUM(J95:AO95) -> 0
H96: 出库 | I96: =SUM(J96:AO96) -> 0
A97: 204 | F97: pcs | G97: =E97+I97-I98 -> 0 | H97: 入库 | I97: =SUM(J97:AO97) -> 0
H98: 出库 | I98: =SUM(J98:AO98) -> 0
A99: 205 | F99: pcs | G99: =E99+I99-I100 -> 0 | H99: 入库 | I99: =SUM(J99:AO99) -> 0
H100: 出库 | I100: =SUM(J100:AO100) -> 0
...

Sheet 美-英制 插销螺套 
A1: 插销螺套库存明细
A2: 日期 | B2: ='302槽型'!B2 -> 46023 | D2: 本月入库统计 | H2: 每日入库统计
D3: 本月出库统计 | H3: 每日出库统计
A4: 序号 | B4: 类别 | C4: 规格 | D4: 材质 | E4: 上月结存 | F4: 单位 | G4: 现库存 | H4: 入/出库 | I4: 汇总 | J4: ='302槽型'!J4 -> 46023 | K4: ='302槽型'!K4 -> 46024 | L4: ='302槽型'!L4 -> 46025 | M4: ='302槽型'!M4 -> 46026 | N4: ='302槽型'!N4 -> 46027 | O4: ='302槽型'!O4 -> 46028 | P4: ='302槽型'!P4 -> 46029 | Q4: ='302槽型'!Q4 -> 46030 | ... AN4: ='302槽型'!AN4 -> 46053 | AQ4: 备注
A5: =MAX(A$4:$A4)+1 -> 1 | B5: 美/英制插销螺套 | C5: 7/8-14-L15-M27*1.5 | D5: SUS303 | E5: 34 | F5: pcs | G5: =E5+I5-I6 -> 34 | H5: 入库 | I5: =SUM(J5:AO5) -> 0
H6: 出库 | I6: =SUM(J6:AO6) -> 0
A7: =MAX(A$4:$A6)+1 -> 2 | B7: 美/英制插销螺套 | C7: 3/8-16-L16-M16*1.5 | D7: SUS303 | E7: 210 | F7: pcs | G7: =E7+I7-I8 -> 210 | H7: 入库 | I7: =SUM(J7:AO7) -> 0
H8: 出库 | I8: =SUM(J8:AO8) -> 0
A9: =MAX(A$4:$A8)+1 -> 3 | B9: 美/英制插销螺套 | C9: 7/16-20-L28-M16*1.5 | D9: SUS303 | E9: 44 | F9: pcs | G9: =E9+I9-I10 -> 44 | H9: 入库 | I9: =SUM(J9:AO9) -> 0
H10: 出库 | I10: =SUM(J10:AO10) -> 0
A11: =MAX(A$4:$A10)+1 -> 4 | B11: 美/英制插销螺套 | C11: 7/16-20-L27-M16*1.5 | D11: SUS303 | E11: 4 | F11: pcs | G11: =E11+I11-I12 -> 4 | H11: 入库 | I11: =SUM(J11:AO11) -> 0
H12: 出库 | I12: =SUM(J12:AO12) -> 0
A13: =MAX(A$4:$A12)+1 -> 5 | B13: 美/英制插销螺套 | C13: 3/8-16-L15-M18*1.5 | D13: SUS303 | E13: 19 | F13: pcs | G13: =E13+I13-I14 -> 19 | H13: 入库 | I13: =SUM(J13:AO13) -> 0
H14: 出库 | I14: =SUM(J14:AO14) -> 0
A15: =MAX(A$4:$A14)+1 -> 6 | B15: 美/英制插销螺套 | C15: 1/2-13-L20-M18*1.5 | D15: SUS303 | E15: 69 | F15: pcs | G15: =E15+I15-I16 -> 69 | H15: 入库 | I15: =SUM(J15:AO15) -> 0
H16: 出库 | I16: =SUM(J16:AO16) -> 0
A17: =MAX(A$4:$A16)+1 -> 7 | B17: 美/英制插销螺套 | C17: 1/2-13-L16.5-11/16-12 | D17: SUS303 | E17: 21 | F17: pcs | G17: =E17+I17-I18 -> 21 | H17: 入库 | I17: =SUM(J17:AO17) -> 0
H18: 出库 | I18: =SUM(J18:AO18) -> 0
A19: =MAX(A$4:$A18)+1 -> 8 | B19: 美标重型插销螺套 | C19: 1/4-20-L10.9-7/16-14 | D19: SUS303 | E19: 165 | F19: pcs | G19: =E19+I19-I20 -> 165 | H19: 入库 | I19: =SUM(J19:AO19) -> 0
H20: 出库 | I20: =SUM(J20:AO20) -> 0
A21: =MAX(A$4:$A20)+1 -> 9 | B21: 美标重型插销螺套 | C21: 5/16-18-L12.3-1/2-13 | D21: SUS303 | E21: 322 | F21: pcs | G21: =E21+I21-I22 -> 322 | H21: 入库 | I21: =SUM(J21:AO21) -> 0
H22: 出库 | I22: =SUM(J22:AO22) -> 0
A23: =MAX(A$4:$A22)+1 -> 10 | B23: 美标重型插销螺套 | C23: 1/4-20-L12.3-7/16-14 | D23: SUS303 | E23: 449 | F23: pcs | G23: =E23+I23-I24 -> 449 | H23: 入库 | I23: =SUM(J23:AO23) -> 0
H24: 出库 | I24: =SUM(J24:AO24) -> 0
A25: =MAX(A$4:$A24)+1 -> 11 | B25: 美标轻型插销螺套 | C25: 1/4-20-L9.38-3/8-16（不过环规） | D25: SUS303 | E25: 934 | F25: pcs | G25: =E25+I25-I26 -> 929 | H25: 入库 | I25: =SUM(J25:AO25) -> 0
H26: 出库 | I26: =SUM(J26:AO26) -> 5 | AI26: 5
A27: =MAX(A$4:$A26)+1 -> 12 | B27: 美标轻型插销螺套 | C27: 1/4-20-L9.38-3/8-16（可过环规） | D27: SUS303 | E27: 2097 | F27: pcs | G27: =E27+I27-I28 -> 2047 | H27: 入库 | I27: =SUM(J27:AO27) -> 0
H28: 出库 | I28: =SUM(J28:AO28) -> 50 | L28: 50
A29: =MAX(A$4:$A28)+1 -> 13 | B29: 美/英制插销螺套 | C29: 8-32-L5.59-1/4-28 | D29: SUS303 | E29: 1985 | F29: pcs | G29: =E29+I29-I30 -> 1981 | H29: 入库 | I29: =SUM(J29:AO29) -> 0
H30: 出库 | I30: =SUM(J30:AO30) -> 4 | AJ30: 4
A31: =MAX(A$4:$A30)+1 -> 14 | B31: 美标轻型插销螺套 | C31: 3/8-16-L12.7-1/2-13 | D31: SUS303 | E31: 652 | F31: pcs | G31: =E31+I31-I32 -> 652 | H31: 入库 | I31: =SUM(J31:AO31) -> 0
H32: 出库 | I32: =SUM(J32:AO32) -> 0
A33: =MAX(A$4:$A32)+1 -> 15 | B33: 美标重型插销螺套 | C33: 3/8-16-L12.7-9/16-12（不过环规） | D33: SUS303 | E33: 2314 | F33: pcs | G33: =E33+I33-I34 -> 2214 | H33: 入库 | I33: =SUM(J33:AO33) -> 0
H34: 出库 | I34: =SUM(J34:AO34) -> 100 | X34: 100
A35: =MAX(A$4:$A34)+1 -> 16 | B35: 美标重型插销螺套 | C35: 3/8-16-L12.7-9/16-12（可过环规） | D35: SUS303 | E35: 1979 | F35: pcs | G35: =E35+I35-I36 -> 1979 | H35: 入库 | I35: =SUM(J35:AO35) -> 0
H36: 出库 | I36: =SUM(J36:AO36) -> 0
A37: =MAX(A$4:$A36)+1 -> 17 | B37: 美/英制插销螺套 | C37: 5/8-11-L15.75-1/2-20 | D37: SUS303 | E37: 789 | F37: pcs | G37: =E37+I37-I38 -> 789 | H37: 入库 | I37: =SUM(J37:AO37) -> 0
H38: 出库 | I38: =SUM(J38:AO38) -> 0
A39: =MAX(A$4:$A38)+1 -> 18 | B39: 美标轻型插销螺套 | C39: 3/8-16-L14-1/2-13 | D39: SUS303 | E39: 2091 | F39: pcs | G39: =E39+I39-I40 -> 791 | H39: 入库 | I39: =SUM(J39:AO39) -> 0
H40: 出库 | I40: =SUM(J40:AO40) -> 1300 | V40: 1300
A41: =MAX(A$4:$A40)+1 -> 19 | B41: 美标轻型插销螺套 | C41: 10-32-L7.87-5/16-18 | D41: SUS303 | E41: 722 | F41: pcs | G41: =E41+I41-I42 -> 722 | H41: 入库 | I41: =SUM(J41:AO41) -> 0
H42: 出库 | I42: =SUM(J42:AO42) -> 0
A43: =MAX(A$4:$A42)+1 -> 20 | B43: 美标轻型插销螺套 | C43: 10-24-L7.87-5/16-18 | D43: SUS303 | E43: 5975 | F43: pcs | G43: =E43+I43-I44 -> 5975 | H43: 入库 | I43: =SUM(J43:AO43) -> 0
H44: 出库 | I44: =SUM(J44:AO44) -> 0
A45: =MAX(A$4:$A44)+1 -> 21 | B45: 美标重型插销螺套 | C45: 10-32-L7.87-3/8-16 | D45: SUS303 | E45: 168 | F45: pcs | G45: =E45+I45-I46 -> 88 | H45: 入库 | I45: =SUM(J45:AO45) -> 0
H46: 出库 | I46: =SUM(J46:AO46) -> 80 | AK46: 80
A47: =MAX(A$4:$A46)+1 -> 22 | B47: 美标重型插销螺套 | C47: 10-24-L7.87-3/8-16 | D47: SUS303 | E47: 1646 | F47: pcs | G47: =E47+I47-I48 -> 1646 | H47: 入库 | I47: =SUM(J47:AO47) -> 0
H48: 出库 | I48: =SUM(J48:AO48) -> 0
A49: =MAX(A$4:$A48)+1 -> 23 | B49: 美标重型插销螺套 | C49: 1/4-20-L9.38-7/16-14 | D49: SUS303 | E49: 2591 | F49: pcs | G49: =E49+I49-I50 -> 2471 | H49: 入库 | I49: =SUM(J49:AO49) -> 0
H50: 出库 | I50: =SUM(J50:AO50) -> 120 | AK50: 120
A51: =MAX(A$4:$A50)+1 -> 24 | B51: 美标轻型插销螺套 | C51: 5/16-18-L10.9-7/16-14 | D51: SUS303 | E51: 5787 | F51: pcs | G51: =E51+I51-I52 -> 5787 | H51: 入库 | I51: =SUM(J51:AO51) -> 0
H52: 出库 | I52: =SUM(J52:AO52) -> 0
A53: =MAX(A$4:$A52)+1 -> 25 | B53: 美/英制插销螺套 | C53: 1/4-28-L9.42-3/8-16 | D53: SUS303 | E53: 1545 | F53: pcs | G53: =E53+I53-I54 -> 1545 | H53: 入库 | I53: =SUM(J53:AO53) -> 0
H54: 出库 | I54: =SUM(J54:AO54) -> 0
A55: =MAX(A$4:$A54)+1 -> 26 | B55: 美/英制插销螺套 | C55: 7/16-20-L14.2-9/16-12 | D55: SUS303 | E55: 1915 | F55: pcs | G55: =E55+I55-I56 -> 1915 | H55: 入库 | I55: =SUM(J55:AO55) -> 0
H56: 出库 | I56: =SUM(J56:AO56) -> 0
A57: =MAX(A$4:$A56)+1 -> 27 | B57: 美/英制插销螺套 | C57: 7/16-14-L14.22-9/16-12 | D57: SUS303 | E57: 1627 | F57: pcs | G57: =E57+I57-I58 -> 1627 | H57: 入库 | I57: =SUM(J57:AO57) -> 0
H58: 出库 | I58: =SUM(J58:AO58) -> 0
A59: =MAX(A$4:$A58)+1 -> 28 | B59: 美/英制插销螺套 | C59: 1/2-13-L15.75-5/8-11 | D59: SUS303 | E59: 1432 | F59: pcs | G59: =E59+I59-I60 -> 1432 | H59: 入库 | I59: =SUM(J59:AO59) -> 0
H60: 出库 | I60: =SUM(J60:AO60) -> 0
A61: =MAX(A$4:$A60)+1 -> 29 | B61: 美/英制插销螺套 | C61: 5/16-24-L11.1-1/2-13 | D61: SUS303 | E61: 32 | F61: pcs | G61: =E61+I61-I62 -> 32 | H61: 入库 | I61: =SUM(J61:AO61) -> 0
H62: 出库 | I62: =SUM(J62:AO62) -> 0
A63: =MAX(A$4:$A62)+1 -> 30 | B63: 美/英制插销螺套 | C63: 6-32-L4.3-12-28 | D63: SUS303 | E63: 0 | F63: pcs | G63: =E63+I63-I64 -> 0 | H63: 入库 | I63: =SUM(J63:AO63) -> 0
H64: 出库 | I64: =SUM(J64:AO64) -> 0
A65: =MAX(A$4:$A64)+1 -> 31 | E65: 0 | F65: pcs | G65: =E65+I65-I66 -> 0 | H65: 入库 | I65: =SUM(J65:AO65) -> 0
H66: 出库 | I66: =SUM(J66:AO66) -> 0
A67: =MAX(A$4:$A66)+1 -> 32 | E67: 0 | F67: pcs | G67: =E67+I67-I68 -> 0 | H67: 入库 | I67: =SUM(J67:AO67) -> 0
H68: 出库 | I68: =SUM(J68:AO68) -> 0
A69: =MAX(A$4:$A68)+1 -> 33 | E69: 0 | F69: pcs | G69: =E69+I69-I70 -> 0 | H69: 入库 | I69: =SUM(J69:AO69) -> 0
H70: 出库 | I70: =SUM(J70:AO70) -> 0
A71: =MAX(A$4:$A70)+1 -> 34 | E71: 0 | F71: pcs | G71: =E71+I71-I72 -> 0 | H71: 入库 | I71: =SUM(J71:AO71) -> 0
H72: 出库 | I72: =SUM(J72:AO72) -> 0
A73: =MAX(A$4:$A72)+1 -> 35 | E73: 0 | F73: pcs | G73: =E73+I73-I74 -> 0 | H73: 入库 | I73: =SUM(J73:AO73) -> 0
H74: 出库 | I74: =SUM(J74:AO74) -> 0
A75: =MAX(A$4:$A74)+1 -> 36 | F75: pcs | G75: =E75+I75-I76 -> 0 | H75: 入库 | I75: =SUM(J75:AO75) -> 0
H76: 出库 | I76: =SUM(J76:AO76) -> 0
A77: =MAX(A$4:$A76)+1 -> 37 | F77: pcs | G77: =E77+I77-I78 -> 0 | H77: 入库 | I77: =SUM(J77:AO77) -> 0
H78: 出库 | I78: =SUM(J78:AO78) -> 0
A79: =MAX(A$4:$A78)+1 -> 38 | F79: pcs | G79: =E79+I79-I80 -> 0 | H79: 入库 | I79: =SUM(J79:AO79) -> 0
H80: 出库 | I80: =SUM(J80:AO80) -> 0
A81: =MAX(A$4:$A80)+1 -> 39 | F81: pcs | G81: =E81+I81-I82 -> 0 | H81: 入库 | I81: =SUM(J81:AO81) -> 0
H82: 出库 | I82: =SUM(J82:AO82) -> 0
A83: =MAX(A$4:$A82)+1 -> 40 | F83: pcs | G83: =E83+I83-I84 -> 0 | H83: 入库 | I83: =SUM(J83:AO83) -> 0
H84: 出库 | I84: =SUM(J84:AO84) -> 0
A85: =MAX(A$4:$A84)+1 -> 41 | F85: pcs | G85: =E85+I85-I86 -> 0 | H85: 入库 | I85: =SUM(J85:AO85) -> 0
H86: 出库 | I86: =SUM(J86:AO86) -> 0
A87: =MAX(A$4:$A86)+1 -> 42 | F87: pcs | G87: =E87+I87-I88 -> 0 | H87: 入库 | I87: =SUM(J87:AO87) -> 0
H88: 出库 | I88: =SUM(J88:AO88) -> 0
A89: =MAX(A$4:$A88)+1 -> 43 | F89: pcs | G89: =E89+I89-I90 -> 0 | H89: 入库 | I89: =SUM(J89:AO89) -> 0
H90: 出库 | I90: =SUM(J90:AO90) -> 0
A91: =MAX(A$4:$A90)+1 -> 44 | F91: pcs | G91: =E91+I91-I92 -> 0 | H91: 入库 | I91: =SUM(J91:AO91) -> 0
H92: 出库 | I92: =SUM(J92:AO92) -> 0
A93: =MAX(A$4:$A92)+1 -> 45 | F93: pcs | G93: =E93+I93-I94 -> 0 | H93: 入库 | I93: =SUM(J93:AO93) -> 0
H94: 出库 | I94: =SUM(J94:AO94) -> 0
A95: =MAX(A$4:$A94)+1 -> 46 | F95: pcs | G95: =E95+I95-I96 -> 0 | H95: 入库 | I95: =SUM(J95:AO95) -> 0
H96: 出库 | I96: =SUM(J96:AO96) -> 0
A97: =MAX(A$4:$A96)+1 -> 47 | F97: pcs | G97: =E97+I97-I98 -> 0 | H97: 入库 | I97: =SUM(J97:AO97) -> 0
H98: 出库 | I98: =SUM(J98:AO98) -> 0
A99: =MAX(A$4:$A98)+1 -> 48 | F99: pcs | G99: =E99+I99-I100 -> 0 | H99: 入库 | I99: =SUM(J99:AO99) -> 0
H100: 出库 | I100: =SUM(J100:AO100) -> 0
...

Sheet 337 338 盲孔型
A1: 337/338型库存明细
A2: 日期 | B2: ='302槽型'!B2 -> 46023 | D2: 本月入库统计 | H2: 每日入库统计 | J2: =SUMIF($H:$H,#REF!,J:J) -> 0 | K2: =SUMIF($H:$H,#REF!,K:K) -> 0 | L2: =SUMIF($H:$H,#REF!,L:L) -> 0 | M2: =SUMIF($H:$H,#REF!,M:M) -> 0 | N2: =SUMIF($H:$H,#REF!,N:N) -> 0 | O2: =SUMIF($H:$H,#REF!,O:O) -> 0 | P2: =SUMIF($H:$H,#REF!,P:P) -> 0 | Q2: =SUMIF($H:$H,#REF!,Q:Q) -> 0 | R2: =SUMIF($H:$H,#REF!,R:R) -> 0 | S2: =SUMIF($H:$H,#REF!,S:S) -> 0 | T2: =SUMIF($H:$H,#REF!,T:T) -> 0 | U2: =SUMIF($H:$H,#REF!,U:U) -> 0 | V2: =SUMIF($H:$H,#REF!,V:V) -> 0 | W2: =SUMIF($H:$H,#REF!,W:W) -> 0 | X2: =SUMIF($H:$H,#REF!,X:X) -> 0 | Y2: =SUMIF($H:$H,#REF!,Y:Y) -> 0
D3: 本月出库统计 | H3: 每日出库统计 | J3: =SUMIF($H:$H,#REF!,J:J) -> 0 | K3: =SUMIF($H:$H,#REF!,K:K) -> 0 | L3: =SUMIF($H:$H,#REF!,L:L) -> 0 | M3: =SUMIF($H:$H,#REF!,M:M) -> 0 | N3: =SUMIF($H:$H,#REF!,N:N) -> 0 | O3: =SUMIF($H:$H,#REF!,O:O) -> 0 | P3: =SUMIF($H:$H,#REF!,P:P) -> 0 | Q3: =SUMIF($H:$H,#REF!,Q:Q) -> 0 | R3: =SUMIF($H:$H,#REF!,R:R) -> 0 | S3: =SUMIF($H:$H,#REF!,S:S) -> 0 | T3: =SUMIF($H:$H,#REF!,T:T) -> 0 | U3: =SUMIF($H:$H,#REF!,U:U) -> 0 | V3: =SUMIF($H:$H,#REF!,V:V) -> 0 | W3: =SUMIF($H:$H,#REF!,W:W) -> 0 | X3: =SUMIF($H:$H,#REF!,X:X) -> 0 | Y3: =SUMIF($H:$H,#REF!,Y:Y) -> 0
A4: 序号 | B4: 类别 | C4: 规格 | D4: 材质 | E4: 上月结存 | F4: 单位 | G4: 现库存 | H4: 入/出库 | I4: 汇总 | J4: ='302槽型'!J4 -> 46023 | K4: ='302槽型'!K4 -> 46024 | L4: ='302槽型'!L4 -> 46025 | M4: ='302槽型'!M4 -> 46026 | N4: ='302槽型'!N4 -> 46027 | O4: ='302槽型'!O4 -> 46028 | P4: ='302槽型'!P4 -> 46029 | Q4: ='302槽型'!Q4 -> 46030 | ... AN4: ='302槽型'!AN4 -> 46053
A5: 1 | B5: 337型 | C5: M3*0.5-L4-M5*0.6 | D5: SUS303 | E5: 29512 | F5: pcs | G5: =E5+I5-I6 -> 27492 | H5: 入库 | I5: =SUM(J5:AO5) -> 4980 | S5: 4980
H6: 出库 | I6: =SUM(J6:AO6) -> 7000 | K6: 500 | Q6: 5000 | S6: 1000 | Y6: 300 | AF6: 200
A7: 2 | B7: 337型 | C7: M4*0.7-L6-M6.5*0.8 | D7: SUS303 | E7: 2075 | F7: pcs | G7: =E7+I7-I8 -> 875 | H7: 入库 | I7: =SUM(J7:AO7) -> 9875 | S7: 2075 | AI7: 7800
H8: 出库 | I8: =SUM(J8:AO8) -> 11075 | Q8: 2075 | S8: 2000 | AI8: 3000 | AK8: 4000
A9: 2 | B9: 337型 | C9: M4*0.7-L6-M6.5*0.8(侧孔2.5) | D9: SUS303 | E9: 0 | F9: pcs | G9: =E9+I9-I10 -> 0 | H9: 入库 | I9: =SUM(J9:AO9) -> 0
H10: 出库 | I10: =SUM(J10:AO10) -> 0
A11: 3 | B11: 337型 | C11: M5*0.8-L5-M8*1.0 | D11: 304材质 | E11: 6847 | F11: pcs | G11: =E11+I11-I12 -> 6847 | H11: 入库 | I11: =SUM(J11:AO11) -> 0
H12: 出库 | I12: =SUM(J12:AO12) -> 0
A13: 3 | B13: 337型 | C13: M5*0.8-L7-M8*1.0 | D13: SUS303 | E13: 13073 | F13: pcs | G13: =E13+I13-I14 -> 5573 | H13: 入库 | I13: =SUM(J13:AO13) -> 0
H14: 出库 | I14: =SUM(J14:AO14) -> 7500 | K14: 500 | AI14: 3000 | AK14: 4000
A15: 4 | B15: 337型 | C15: M6*1.0-L6-M10*1.25 | D15: SUS303 | E15: 998 | F15: pcs | G15: =E15+I15-I16 -> 998 | H15: 入库 | I15: =SUM(J15:AO15) -> 0
H16: 出库 | I16: =SUM(J16:AO16) -> 0
A17: 4 | B17: 337型 | C17: M6*1.0-L8-M10*1.25 | D17: SUS303 | E17: 36121 | F17: pcs | G17: =E17+I17-I18 -> 30546 | H17: 入库 | I17: =SUM(J17:AO17) -> 8675 | S17: 5000 | AI17: 3675
H18: 出库 | I18: =SUM(J18:AO18) -> 14250 | N18: 250 | P18: 2000 | Q18: 5000 | AI18: 5000 | AK18: 2000
A19: 5 | B19: 337型 | C19: M6*1.0-L8-M10*1.25（全车制） | D19: SUS303 | E19: 10595 | F19: pcs | G19: =E19+I19-I20 -> 12495 | H19: 入库 | I19: =SUM(J19:AO19) -> 41900 | AB19: =11810+5205 -> 17015 | AC19: 4740 | AD19: 2880 | AE19: 6200 | AG19: 7270 | AI19: 3795
H20: 出库 | I20: =SUM(J20:AO20) -> 40000 | O20: 10000 | AB20: 12000 | AC20: 5000 | AD20: =5000+3000 -> 8000 | AE20: 5000
A21: 6 | B21: 337型 | C21: M8*1.25-L9-M12*1.5 | D21: SUS303 | E21: 3669 | F21: pcs | G21: =E21+I21-I22 -> 2569 | H21: 入库 | I21: =SUM(J21:AO21) -> 0
H22: 出库 | I22: =SUM(J22:AO22) -> 1100 | AC22: 1100
A23: 6 | B23: 337型 | C23: M8*1.25-L9-M12*1.5(全车制) | D23: SUS303 | E23: 1070 | F23: pcs | G23: =E23+I23-I24 -> 585 | H23: 入库 | I23: =SUM(J23:AO23) -> 19515 | Z23: 12645 | AB23: 4290 | AC23: 2580
H24: 出库 | I24: =SUM(J24:AO24) -> 20000 | Z24: 13000 | AC24: 5000 | AD24: 2000
A25: 7 | B25: 337型 | C25: M8*1.25-L8-M12*1.5 | D25: SUS303 | E25: 8318 | F25: pcs | G25: =E25+I25-I26 -> 8318 | H25: 入库 | I25: =SUM(J25:AO25) -> 0
H26: 出库 | I26: =SUM(J26:AO26) -> 0
A27: 8 | B27: 337型 | C27: M10*1.5-L10-M14*1.5 | D27: SUS303 | E27: 828 | F27: pcs | G27: =E27+I27-I28 -> 828 | H27: 入库 | I27: =SUM(J27:AO27) -> 0
H28: 出库 | I28: =SUM(J28:AO28) -> 0
A29: 9 | B29: 337型 | C29: M12*1.75-L12-M16*1.75 | D29: SUS303 | E29: 148 | F29: pcs | G29: =E29+I29-I30 -> 148 | H29: 入库 | I29: =SUM(J29:AO29) -> 0
H30: 出库 | I30: =SUM(J30:AO30) -> 0
A31: 10 | B31: 337型 | C31: M16*2.0-L14-M20*2.0 | D31: SUS303 | E31: 99 | F31: pcs | G31: =E31+I31-I32 -> 99 | H31: 入库 | I31: =SUM(J31:AO31) -> 0
H32: 出库 | I32: =SUM(J32:AO32) -> 0
A33: 10 | B33: 美标337型 | C33: 1/4-28-L8-M10*1.25(平底牙) | D33: SUS303 | E33: 50 | F33: pcs | G33: =E33+I33-I34 -> 50 | H33: 入库 | I33: =SUM(J33:AO33) -> 0
H34: 出库 | I34: =SUM(J34:AO34) -> 0
A36: 11 | B36: 338型 | C36: M3*0.5-L6-M5*0.6 | D36: SUS303 | E36: 19730 | F36: pcs | G36: =E36+I36-I37 -> 13530 | H36: 入库 | I36: =SUM(J36:AO36) -> 4000 | T36: 4000
H37: 出库 | I37: =SUM(J37:AO37) -> 10200 | N37: 4000 | P37: 1000 | AC37: 5200
A38: 12 | B38: 338型 | C38: M4*0.7-L8-M6.5*0.8 | D38: 316材质 | E38: 2480 | F38: pcs | G38: =E38+I38-I39 -> 2480 | H38: 入库 | I38: =SUM(J38:AO38) -> 600 | AF38: 600
H39: 出库 | I39: =SUM(J39:AO39) -> 600 | X39: 600
A40: 12 | B40: 338型 | C40: M4*0.7-L8-M6.5*0.8 | D40: SUS303 | E40: 6222 | F40: pcs | G40: =E40+I40-I41 -> 7160 | H40: 入库 | I40: =SUM(J40:AO40) -> 16160 | AG40: 16160
H41: 出库 | I41: =SUM(J41:AO41) -> 15222 | P41: 1000 | W41: 1000 | AC41: 4222 | AG41: 9000
A42: 13 | B42: 338型 | C42: M5*0.8-L10-M8*1.0 | D42: SUS303 | E42: 28871 | F42: pcs | G42: =E42+I42-I43 -> 27871 | H42: 入库 | I42: =SUM(J42:AO42) -> 0
H43: 出库 | I43: =SUM(J43:AO43) -> 1000 | S43: 1000
A44: 14 | B44: 338型 | C44: M6*1.0-L12-M10*1.25 | D44: SUS303 | E44: 9244 | F44: pcs | G44: =E44+I44-I45 -> 7244 | H44: 入库 | I44: =SUM(J44:AO44) -> 0
H45: 出库 | I45: =SUM(J45:AO45) -> 2000 | AK45: 2000
A46: 14 | B46: 338型 | C46: M6*1.0-L14-M14*1.5（过滤架） | D46: 1215黄锌 | E46: 180 | F46: pcs | G46: =E46+I46-I47 -> 180 | H46: 入库 | I46: =SUM(J46:AO46) -> 0
H47: 出库 | I47: =SUM(J47:AO47) -> 0
A48: 15 | B48: 338型 | C48: M8*1.25-L14-M12*1.5 | D48: SUS303 | E48: 4243 | F48: pcs | G48: =E48+I48-I49 -> 4243 | H48: 入库 | I48: =SUM(J48:AO48) -> 0
H49: 出库 | I49: =SUM(J49:AO49) -> 0
A50: 15 | B50: 338型 | C50: M8*1.25-L15-M16*1.5（过滤架） | D50: 1215黄锌 | E50: 105 | F50: pcs | G50: =E50+I50-I51 -> 105 | H50: 入库 | I50: =SUM(J50:AO50) -> 0
H51: 出库 | I51: =SUM(J51:AO51) -> 0
A52: 16 | B52: 338型 | C52: M10*1.5-L18-M14*1.5 | D52: SUS303 | E52: 905 | F52: pcs | G52: =E52+I52-I53 -> 905 | H52: 入库 | I52: =SUM(J52:AO52) -> 0
H53: 出库 | I53: =SUM(J53:AO53) -> 0
A54: 17 | B54: 338型 | C54: M12*1.75-L22-M16-1.75 | D54: SUS303 | E54: 55 | F54: pcs | G54: =E54+I54-I55 -> 55 | H54: 入库 | I54: =SUM(J54:AO54) -> 0
H55: 出库 | I55: =SUM(J55:AO55) -> 0
A56: 18 | B56: 美标338孔型 | C56: 6-32-L8-M6*0.75 | D56: SUS303 | E56: 1030 | F56: pcs | G56: =E56+I56-I57 -> 1030 | H56: 入库 | I56: =SUM(J56:AO56) -> 0
H57: 出库 | I57: =SUM(J57:AO57) -> 0
A58: 19 | E58: 0 | F58: pcs | G58: =E58+I58-I59 -> 0 | H58: 入库 | I58: =SUM(J58:AO58) -> 0
H59: 出库 | I59: =SUM(J59:AO59) -> 0
A60: 20 | E60: 0 | F60: pcs | G60: =E60+I60-I61 -> 0 | H60: 入库 | I60: =SUM(J60:AO60) -> 0
H61: 出库 | I61: =SUM(J61:AO61) -> 0
A62: 21 | F62: pcs | G62: =E62+I62-I63 -> 0 | H62: 入库 | I62: =SUM(J62:AO62) -> 0
H63: 出库 | I63: =SUM(J63:AO63) -> 0
A64: 22 | F64: pcs | G64: =E64+I64-I65 -> 0 | H64: 入库 | I64: =SUM(J64:AO64) -> 0
H65: 出库 | I65: =SUM(J65:AO65) -> 0
A66: 23 | F66: pcs | G66: =E66+I66-I67 -> 0 | H66: 入库 | I66: =SUM(J66:AO66) -> 0
H67: 出库 | I67: =SUM(J67:AO67) -> 0
A68: 24 | F68: pcs | G68: =E68+I68-I69 -> 0 | H68: 入库 | I68: =SUM(J68:AO68) -> 0
H69: 出库 | I69: =SUM(J69:AO69) -> 0
A70: 25 | F70: pcs | G70: =E70+I70-I71 -> 0 | H70: 入库 | I70: =SUM(J70:AO70) -> 0
H71: 出库 | I71: =SUM(J71:AO71) -> 0
A72: 26 | F72: pcs | G72: =E72+I72-I73 -> 0 | H72: 入库 | I72: =SUM(J72:AO72) -> 0
H73: 出库 | I73: =SUM(J73:AO73) -> 0
A74: 27 | F74: pcs | G74: =E74+I74-I75 -> 0 | H74: 入库 | I74: =SUM(J74:AO74) -> 0
H75: 出库 | I75: =SUM(J75:AO75) -> 0
A76: 28 | F76: pcs | G76: =E76+I76-I77 -> 0 | H76: 入库 | I76: =SUM(J76:AO76) -> 0
H77: 出库 | I77: =SUM(J77:AO77) -> 0
A78: 29 | F78: pcs | G78: =E78+I78-I79 -> 0 | H78: 入库 | I78: =SUM(J78:AO78) -> 0
H79: 出库 | I79: =SUM(J79:AO79) -> 0
A80: 30 | F80: pcs | G80: =E80+I80-I81 -> 0 | H80: 入库 | I80: =SUM(J80:AO80) -> 0
H81: 出库 | I81: =SUM(J81:AO81) -> 0
A82: 31 | F82: pcs | G82: =E82+I82-I83 -> 0 | H82: 入库 | I82: =SUM(J82:AO82) -> 0
H83: 出库 | I83: =SUM(J83:AO83) -> 0
A84: 32 | F84: pcs | G84: =E84+I84-I85 -> 0 | H84: 入库 | I84: =SUM(J84:AO84) -> 0
H85: 出库 | I85: =SUM(J85:AO85) -> 0
A86: 33 | F86: pcs | G86: =E86+I86-I87 -> 0 | H86: 入库 | I86: =SUM(J86:AO86) -> 0
H87: 出库 | I87: =SUM(J87:AO87) -> 0
A88: 34 | F88: pcs | G88: =E88+I88-I89 -> 0 | H88: 入库 | I88: =SUM(J88:AO88) -> 0
H89: 出库 | I89: =SUM(J89:AO89) -> 0
A90: 35 | F90: pcs | G90: =E90+I90-I91 -> 0 | H90: 入库 | I90: =SUM(J90:AO90) -> 0
H91: 出库 | I91: =SUM(J91:AO91) -> 0
A92: 36 | F92: pcs | G92: =E92+I92-I93 -> 0 | H92: 入库 | I92: =SUM(J92:AO92) -> 0
H93: 出库 | I93: =SUM(J93:AO93) -> 0
A94: 37 | F94: pcs | G94: =E94+I94-I95 -> 0 | H94: 入库 | I94: =SUM(J94:AO94) -> 0
H95: 出库 | I95: =SUM(J95:AO95) -> 0
A96: 38 | F96: pcs | G96: =E96+I96-I97 -> 0 | H96: 入库 | I96: =SUM(J96:AO96) -> 0
H97: 出库 | I97: =SUM(J97:AO97) -> 0
A98: 39 | F98: pcs | G98: =E98+I98-I99 -> 0 | H98: 入库 | I98: =SUM(J98:AO98) -> 0
H99: 出库 | I99: =SUM(J99:AO99) -> 0
A100: 40 | F100: pcs | G100: =E100+I100-I101 -> 0 | H100: 入库 | I100: =SUM(J100:AO100) -> 0
H101: 出库 | I101: =SUM(J101:AO101) -> 0
...

Sheet 317 318 孔型 
A1: 317/318型库存明细
A2: 日期 | B2: ='302槽型'!B2 -> 46023 | D2: 本月入库统计 | H2: 每日入库统计 | J2: =SUMIF($H:$H,#REF!,J:J) -> 0 | K2: =SUMIF($H:$H,#REF!,K:K) -> 0 | L2: =SUMIF($H:$H,#REF!,L:L) -> 0 | M2: =SUMIF($H:$H,#REF!,M:M) -> 0 | N2: =SUMIF($H:$H,#REF!,N:N) -> 0 | O2: =SUMIF($H:$H,#REF!,O:O) -> 0 | P2: =SUMIF($H:$H,#REF!,P:P) -> 0 | Q2: =SUMIF($H:$H,#REF!,Q:Q) -> 0 | R2: =SUMIF($H:$H,#REF!,R:R) -> 0 | S2: =SUMIF($H:$H,#REF!,S:S) -> 0 | T2: =SUMIF($H:$H,#REF!,T:T) -> 0 | U2: =SUMIF($H:$H,#REF!,U:U) -> 0 | V2: =SUMIF($H:$H,#REF!,V:V) -> 0 | W2: =SUMIF($H:$H,#REF!,W:W) -> 0 | X2: =SUMIF($H:$H,#REF!,X:X) -> 0 | Y2: =SUMIF($H:$H,#REF!,Y:Y) -> 0
D3: 本月出库统计 | H3: 每日出库统计 | J3: =SUMIF($H:$H,#REF!,J:J) -> 0 | K3: =SUMIF($H:$H,#REF!,K:K) -> 0 | L3: =SUMIF($H:$H,#REF!,L:L) -> 0 | M3: =SUMIF($H:$H,#REF!,M:M) -> 0 | N3: =SUMIF($H:$H,#REF!,N:N) -> 0 | O3: =SUMIF($H:$H,#REF!,O:O) -> 0 | P3: =SUMIF($H:$H,#REF!,P:P) -> 0 | Q3: =SUMIF($H:$H,#REF!,Q:Q) -> 0 | R3: =SUMIF($H:$H,#REF!,R:R) -> 0 | S3: =SUMIF($H:$H,#REF!,S:S) -> 0 | T3: =SUMIF($H:$H,#REF!,T:T) -> 0 | U3: =SUMIF($H:$H,#REF!,U:U) -> 0 | V3: =SUMIF($H:$H,#REF!,V:V) -> 0 | W3: =SUMIF($H:$H,#REF!,W:W) -> 0 | X3: =SUMIF($H:$H,#REF!,X:X) -> 0 | Y3: =SUMIF($H:$H,#REF!,Y:Y) -> 0
A4: 序号 | B4: 类别 | C4: 规格 | D4: 材质 | E4: 上月结存 | F4: 单位 | G4: 现库存 | H4: 入/出库 | I4: 汇总 | J4: ='302槽型'!J4 -> 46023 | K4: ='302槽型'!K4 -> 46024 | L4: ='302槽型'!L4 -> 46025 | M4: ='302槽型'!M4 -> 46026 | N4: ='302槽型'!N4 -> 46027 | O4: ='302槽型'!O4 -> 46028 | P4: ='302槽型'!P4 -> 46029 | Q4: ='302槽型'!Q4 -> 46030 | ... AN4: ='302槽型'!AN4 -> 46053
A5: 1 | B5: 317孔型 | C5: M4*0.7-L6-M6.5-0.8 | D5: 316材质 | E5: 3270 | F5: pcs | G5: =E5+I5-I6 -> 3270 | H5: 入库 | I5: =SUM(J5:AO5) -> 0
H6: 出库 | I6: =SUM(J6:AO6) -> 0
A7: 2 | B7: 317孔型 | C7: M5*0.8-L7-M8*1.0 | D7: SUS303 | E7: 3686 | F7: pcs | G7: =E7+I7-I8 -> 3686 | H7: 入库 | I7: =SUM(J7:AO7) -> 0
H8: 出库 | I8: =SUM(J8:AO8) -> 0
A9: 3 | B9: 317孔型 | C9: M5*0.8-L10-M8*1.0 | D9: SUS303 | E9: 390 | F9: pcs | G9: =E9+I9-I10 -> 390 | H9: 入库 | I9: =SUM(J9:AO9) -> 0
H10: 出库 | I10: =SUM(J10:AO10) -> 0
A11: 4 | B11: 317孔型 | C11: M6*1.0-L8-M10*1.25 | D11: SUS303 | E11: 290 | F11: pcs | G11: =E11+I11-I12 -> 290 | H11: 入库 | I11: =SUM(J11:AO11) -> 0
H12: 出库 | I12: =SUM(J12:AO12) -> 0
A13: 5 | B13: 317孔型 | C13: M8*1.25-L9-M12*1.5 | D13: SUS303 | E13: 2380 | F13: pcs | G13: =E13+I13-I14 -> 2380 | H13: 入库 | I13: =SUM(J13:AO13) -> 0
H14: 出库 | I14: =SUM(J14:AO14) -> 0
A15: 6 | B15: 317孔型 | C15: M8*1.25-L9-M12*1.5 | D15: 1215黄锌 | E15: 2238 | F15: pcs | G15: =E15+I15-I16 -> 2238 | H15: 入库 | I15: =SUM(J15:AO15) -> 0
H16: 出库 | I16: =SUM(J16:AO16) -> 0
A17: 7 | B17: 317孔型 | C17: M12*1.75-L12-M16*1.75 | D17: SUS303 | E17: 271 | F17: pcs | G17: =E17+I17-I18 -> 271 | H17: 入库 | I17: =SUM(J17:AO17) -> 0
H18: 出库 | I18: =SUM(J18:AO18) -> 0
A19: 8 | B19: 318孔型 | C19: M8*1.25-L14-M12*1.5 | D19: 1215黄锌 | E19: 11000 | F19: pcs | G19: =E19+I19-I20 -> 11000 | H19: 入库 | I19: =SUM(J19:AO19) -> 0
H20: 出库 | I20: =SUM(J20:AO20) -> 0
A21: 9 | B21: 318孔型 | C21: M12*1.75-L22-M16*1.75 | D21: SUS303 | E21: 1138 | F21: pcs | G21: =E21+I21-I22 -> 1138 | H21: 入库 | I21: =SUM(J21:AO21) -> 0
H22: 出库 | I22: =SUM(J22:AO22) -> 0
A23: 10 | E23: 0 | F23: pcs | G23: =E23+I23-I24 -> 0 | H23: 入库 | I23: =SUM(J23:AO23) -> 0
H24: 出库 | I24: =SUM(J24:AO24) -> 0
A25: 11 | E25: 0 | F25: pcs | G25: =E25+I25-I26 -> 0 | H25: 入库 | I25: =SUM(J25:AO25) -> 0
H26: 出库 | I26: =SUM(J26:AO26) -> 0
A27: 12 | F27: pcs | G27: =E27+I27-I28 -> 0 | H27: 入库 | I27: =SUM(J27:AO27) -> 0
H28: 出库 | I28: =SUM(J28:AO28) -> 0
A29: 13 | F29: pcs | G29: =E29+I29-I30 -> 0 | H29: 入库 | I29: =SUM(J29:AO29) -> 0
H30: 出库 | I30: =SUM(J30:AO30) -> 0
A31: 14 | F31: pcs | G31: =E31+I31-I32 -> 0 | H31: 入库 | I31: =SUM(J31:AO31) -> 0
H32: 出库 | I32: =SUM(J32:AO32) -> 0
A33: 15 | F33: pcs | G33: =E33+I33-I34 -> 0 | H33: 入库 | I33: =SUM(J33:AO33) -> 0
H34: 出库 | I34: =SUM(J34:AO34) -> 0
A35: 16 | F35: pcs | G35: =E35+I35-I36 -> 0 | H35: 入库 | I35: =SUM(J35:AO35) -> 0
H36: 出库 | I36: =SUM(J36:AO36) -> 0
A37: 17 | F37: pcs | G37: =E37+I37-I38 -> 0 | H37: 入库 | I37: =SUM(J37:AO37) -> 0
H38: 出库 | I38: =SUM(J38:AO38) -> 0
A39: 18 | F39: pcs | G39: =E39+I39-I40 -> 0 | H39: 入库 | I39: =SUM(J39:AO39) -> 0
H40: 出库 | I40: =SUM(J40:AO40) -> 0
A41: 19 | F41: pcs | G41: =E41+I41-I42 -> 0 | H41: 入库 | I41: =SUM(J41:AO41) -> 0
H42: 出库 | I42: =SUM(J42:AO42) -> 0
A43: 20 | F43: pcs | G43: =E43+I43-I44 -> 0 | H43: 入库 | I43: =SUM(J43:AO43) -> 0
H44: 出库 | I44: =SUM(J44:AO44) -> 0
A45: 21 | F45: pcs | G45: =E45+I45-I46 -> 0 | H45: 入库 | I45: =SUM(J45:AO45) -> 0
H46: 出库 | I46: =SUM(J46:AO46) -> 0
A47: 22 | F47: pcs | G47: =E47+I47-I48 -> 0 | H47: 入库 | I47: =SUM(J47:AO47) -> 0
H48: 出库 | I48: =SUM(J48:AO48) -> 0
A49: 23 | F49: pcs | G49: =E49+I49-I50 -> 0 | H49: 入库 | I49: =SUM(J49:AO49) -> 0
H50: 出库 | I50: =SUM(J50:AO50) -> 0
A51: 24 | F51: pcs | G51: =E51+I51-I52 -> 0 | H51: 入库 | I51: =SUM(J51:AO51) -> 0
H52: 出库 | I52: =SUM(J52:AO52) -> 0
A53: 25 | F53: pcs | G53: =E53+I53-I54 -> 0 | H53: 入库 | I53: =SUM(J53:AO53) -> 0
H54: 出库 | I54: =SUM(J54:AO54) -> 0
A55: 26 | F55: pcs | G55: =E55+I55-I56 -> 0 | H55: 入库 | I55: =SUM(J55:AO55) -> 0
H56: 出库 | I56: =SUM(J56:AO56) -> 0
A57: 27 | F57: pcs | G57: =E57+I57-I58 -> 0 | H57: 入库 | I57: =SUM(J57:AO57) -> 0
H58: 出库 | I58: =SUM(J58:AO58) -> 0
A59: 28 | F59: pcs | G59: =E59+I59-I60 -> 0 | H59: 入库 | I59: =SUM(J59:AO59) -> 0
H60: 出库 | I60: =SUM(J60:AO60) -> 0
A61: 29 | F61: pcs | G61: =E61+I61-I62 -> 0 | H61: 入库 | I61: =SUM(J61:AO61) -> 0
H62: 出库 | I62: =SUM(J62:AO62) -> 0
A63: 30 | F63: pcs | G63: =E63+I63-I64 -> 0 | H63: 入库 | I63: =SUM(J63:AO63) -> 0
H64: 出库 | I64: =SUM(J64:AO64) -> 0
A65: 31 | F65: pcs | G65: =E65+I65-I66 -> 0 | H65: 入库 | I65: =SUM(J65:AO65) -> 0
H66: 出库 | I66: =SUM(J66:AO66) -> 0
A67: 32 | F67: pcs | G67: =E67+I67-I68 -> 0 | H67: 入库 | I67: =SUM(J67:AO67) -> 0
H68: 出库 | I68: =SUM(J68:AO68) -> 0
A69: 33 | F69: pcs | G69: =E69+I69-I70 -> 0 | H69: 入库 | I69: =SUM(J69:AO69) -> 0
H70: 出库 | I70: =SUM(J70:AO70) -> 0
A71: 34 | F71: pcs | G71: =E71+I71-I72 -> 0 | H71: 入库 | I71: =SUM(J71:AO71) -> 0
H72: 出库 | I72: =SUM(J72:AO72) -> 0
A73: 35 | F73: pcs | G73: =E73+I73-I74 -> 0 | H73: 入库 | I73: =SUM(J73:AO73) -> 0
H74: 出库 | I74: =SUM(J74:AO74) -> 0
A75: 36 | F75: pcs | G75: =E75+I75-I76 -> 0 | H75: 入库 | I75: =SUM(J75:AO75) -> 0
H76: 出库 | I76: =SUM(J76:AO76) -> 0
A77: 37 | F77: pcs | G77: =E77+I77-I78 -> 0 | H77: 入库 | I77: =SUM(J77:AO77) -> 0
H78: 出库 | I78: =SUM(J78:AO78) -> 0
A79: 38 | F79: pcs | G79: =E79+I79-I80 -> 0 | H79: 入库 | I79: =SUM(J79:AO79) -> 0
H80: 出库 | I80: =SUM(J80:AO80) -> 0
A81: 39 | F81: pcs | G81: =E81+I81-I82 -> 0 | H81: 入库 | I81: =SUM(J81:AO81) -> 0
H82: 出库 | I82: =SUM(J82:AO82) -> 0
A83: 40 | F83: pcs | G83: =E83+I83-I84 -> 0 | H83: 入库 | I83: =SUM(J83:AO83) -> 0
H84: 出库 | I84: =SUM(J84:AO84) -> 0
A85: 41 | F85: pcs | G85: =E85+I85-I86 -> 0 | H85: 入库 | I85: =SUM(J85:AO85) -> 0
H86: 出库 | I86: =SUM(J86:AO86) -> 0
A87: 42 | F87: pcs | G87: =E87+I87-I88 -> 0 | H87: 入库 | I87: =SUM(J87:AO87) -> 0
H88: 出库 | I88: =SUM(J88:AO88) -> 0
A89: 43 | F89: pcs | G89: =E89+I89-I90 -> 0 | H89: 入库 | I89: =SUM(J89:AO89) -> 0
H90: 出库 | I90: =SUM(J90:AO90) -> 0
A91: 44 | F91: pcs | G91: =E91+I91-I92 -> 0 | H91: 入库 | I91: =SUM(J91:AO91) -> 0
H92: 出库 | I92: =SUM(J92:AO92) -> 0
A93: 45 | F93: pcs | G93: =E93+I93-I94 -> 0 | H93: 入库 | I93: =SUM(J93:AO93) -> 0
H94: 出库 | I94: =SUM(J94:AO94) -> 0
A95: 46 | F95: pcs | G95: =E95+I95-I96 -> 0 | H95: 入库 | I95: =SUM(J95:AO95) -> 0
H96: 出库 | I96: =SUM(J96:AO96) -> 0
A97: 47 | F97: pcs | G97: =E97+I97-I98 -> 0 | H97: 入库 | I97: =SUM(J97:AO97) -> 0
H98: 出库 | I98: =SUM(J98:AO98) -> 0
A99: 48 | F99: pcs | G99: =E99+I99-I100 -> 0 | H99: 入库 | I99: =SUM(J99:AO99) -> 0
H100: 出库 | I100: =SUM(J100:AO100) -> 0
...

Sheet 302H307 308E型 
A1: 302H307308E型库存明细
A2: 日期 | B2: ='302槽型'!B2 -> 46023 | D2: 本月入库统计 | H2: 每日入库统计 | J2: =SUMIF($H:$H,#REF!,J:J) -> 0 | K2: =SUMIF($H:$H,#REF!,K:K) -> 0 | L2: =SUMIF($H:$H,#REF!,L:L) -> 0 | M2: =SUMIF($H:$H,#REF!,M:M) -> 0 | N2: =SUMIF($H:$H,#REF!,N:N) -> 0 | O2: =SUMIF($H:$H,#REF!,O:O) -> 0 | P2: =SUMIF($H:$H,#REF!,P:P) -> 0 | Q2: =SUMIF($H:$H,#REF!,Q:Q) -> 0 | R2: =SUMIF($H:$H,#REF!,R:R) -> 0 | S2: =SUMIF($H:$H,#REF!,S:S) -> 0 | T2: =SUMIF($H:$H,#REF!,T:T) -> 0 | U2: =SUMIF($H:$H,#REF!,U:U) -> 0 | V2: =SUMIF($H:$H,#REF!,V:V) -> 0 | W2: =SUMIF($H:$H,#REF!,W:W) -> 0 | X2: =SUMIF($H:$H,#REF!,X:X) -> 0 | Y2: =SUMIF($H:$H,#REF!,Y:Y) -> 0
D3: 本月出库统计 | H3: 每日出库统计 | J3: =SUMIF($H:$H,#REF!,J:J) -> 0 | K3: =SUMIF($H:$H,#REF!,K:K) -> 0 | L3: =SUMIF($H:$H,#REF!,L:L) -> 0 | M3: =SUMIF($H:$H,#REF!,M:M) -> 0 | N3: =SUMIF($H:$H,#REF!,N:N) -> 0 | O3: =SUMIF($H:$H,#REF!,O:O) -> 0 | P3: =SUMIF($H:$H,#REF!,P:P) -> 0 | Q3: =SUMIF($H:$H,#REF!,Q:Q) -> 0 | R3: =SUMIF($H:$H,#REF!,R:R) -> 0 | S3: =SUMIF($H:$H,#REF!,S:S) -> 0 | T3: =SUMIF($H:$H,#REF!,T:T) -> 0 | U3: =SUMIF($H:$H,#REF!,U:U) -> 0 | V3: =SUMIF($H:$H,#REF!,V:V) -> 0 | W3: =SUMIF($H:$H,#REF!,W:W) -> 0 | X3: =SUMIF($H:$H,#REF!,X:X) -> 0 | Y3: =SUMIF($H:$H,#REF!,Y:Y) -> 0
A4: 序号 | B4: 类别 | C4: 规格 | D4: 材质 | E4: 上月结存 | F4: 单位 | G4: 现库存 | H4: 入/出库 | I4: 汇总 | J4: ='302槽型'!J4 -> 46023 | K4: ='302槽型'!K4 -> 46024 | L4: ='302槽型'!L4 -> 46025 | M4: ='302槽型'!M4 -> 46026 | N4: ='302槽型'!N4 -> 46027 | O4: ='302槽型'!O4 -> 46028 | P4: ='302槽型'!P4 -> 46029 | Q4: ='302槽型'!Q4 -> 46030 | ... AN4: ='302槽型'!AN4 -> 46053
A5: 1 | B5: 302H型 | C5: M3*0.5-L7-M5*0.8-OD7.0 | D5: SUS303 | E5: 1320 | F5: pcs | G5: =E5+I5-I6 -> 12185 | H5: 入库 | I5: =SUM(J5:AO5) -> 13865 | L5: 5500 | S5: 4045 | Y5: 4320
H6: 出库 | I6: =SUM(J6:AO6) -> 3000 | L6: 3000
A7: 2 | B7: 302H型 | C7: M4*0.7-L9-M6.5*0.75-OD9.0 | D7: SUS303 | E7: 15410 | F7: pcs | G7: =E7+I7-I8 -> 10410 | H7: 入库 | I7: =SUM(J7:AO7) -> 0
H8: 出库 | I8: =SUM(J8:AO8) -> 5000 | R8: 1000 | W8: 1000 | Z8: 1000 | AC8: 2000
A9: 3 | B9: 302H型 | C9: M5*0.8-L11-M8*1.0-OD11.0 | D9: SUS303 | E9: 3186 | F9: pcs | G9: =E9+I9-I10 -> 3436 | H9: 入库 | I9: =SUM(J9:AO9) -> 650 | S9: 650
H10: 出库 | I10: =SUM(J10:AO10) -> 400 | AA10: 400
A11: 4 | B11: 302H型 | C11: M5*0.8-L12-M8*1.0-OD11.0 | D11: SUS303 | E11: 987 | F11: pcs | G11: =E11+I11-I12 -> 987 | H11: 入库 | I11: =SUM(J11:AO11) -> 0
H12: 出库 | I12: =SUM(J12:AO12) -> 0
A13: 5 | B13: 302H型 | C13: M6*1.0-L15.5-M10*1.5-OD13 | D13: SUS303 | E13: 7037 | F13: pcs | G13: =E13+I13-I14 -> 7037 | H13: 入库 | I13: =SUM(J13:AO13) -> 0
H14: 出库 | I14: =SUM(J14:AO14) -> 0
A15: 6 | B15: 302H型 | C15: M6*1.0-L15.5-M10*1.5-OD13 | D15: C3604 | E15: 1089 | F15: pcs | G15: =E15+I15-I16 -> 1089 | H15: 入库 | I15: =SUM(J15:AO15) -> 0
H16: 出库 | I16: =SUM(J16:AO16) -> 0
A17: 7 | B17: 302H型 | C17: M8*1.25-L16.5-M12*1.5-OD15 | D17: SUS303 | E17: 358 | F17: pcs | G17: =E17+I17-I18 -> 162 | H17: 入库 | I17: =SUM(J17:AO17) -> 0
H18: 出库 | I18: =SUM(J18:AO18) -> 196 | Q18: 90 | AI18: 6 | AL18: 100
A19: 8 | B19: 302H型 | C19: M10*1.5-L19.5-M14*1.5-OD17 | D19: SUS303 | E19: 1123 | F19: pcs | G19: =E19+I19-I20 -> 1123 | H19: 入库 | I19: =SUM(J19:AO19) -> 0
H20: 出库 | I20: =SUM(J20:AO20) -> 0
A21: 9 | B21: 302H型 | C21: M12*1.75-L22-M16*1.5-OD19 | D21: SUS303 | E21: 6164 | F21: pcs | G21: =E21+I21-I22 -> 5564 | H21: 入库 | I21: =SUM(J21:AO21) -> 0
H22: 出库 | I22: =SUM(J22:AO22) -> 600 | U22: 600
A23: 9 | B23: 302H型 | C23: M12*1.75-L35-M16*1.5-OD19 | D23: SUS303 | E23: 22 | F23: pcs | G23: =E23+I23-I24 -> 22 | H23: 入库 | I23: =SUM(J23:AO23) -> 0
H24: 出库 | I24: =SUM(J24:AO24) -> 0
A25: 10 | E25: 0 | F25: pcs | G25: =E25+I25-I26 -> 0 | H25: 入库 | I25: =SUM(J25:AO25) -> 0
H26: 出库 | I26: =SUM(J26:AO26) -> 0
A27: 11 | B27: 307E型 | C27: M3*0.5-L5-M5*0.6-OD7.0 | D27: SUS303 | E27: 3914 | F27: pcs | G27: =E27+I27-I28 -> 3914 | H27: 入库 | I27: =SUM(J27:AO27) -> 0
H28: 出库 | I28: =SUM(J28:AO28) -> 0
A29: 12 | B29: 307E型 | C29: M4*0.7-L7-M6.5*0.8-OD9.0 | D29: SUS303 | E29: 2 | F29: pcs | G29: =E29+I29-I30 -> 2 | H29: 入库 | I29: =SUM(J29:AO29) -> 0
H30: 出库 | I30: =SUM(J30:AO30) -> 0
A31: 13 | B31: 307E型 | C31: M5*0.8-L8-M8*1.0-OD11.0 | D31: SUS303 | E31: 4793 | F31: pcs | G31: =E31+I31-I32 -> 4793 | H31: 入库 | I31: =SUM(J31:AO31) -> 0
H32: 出库 | I32: =SUM(J32:AO32) -> 0
A33: 14 | B33: 307E型 | C33: M6*1.0-L9.5-M10*1.25-OD13.0 | D33: SUS303 | E33: 14327 | F33: pcs | G33: =E33+I33-I34 -> 13627 | H33: 入库 | I33: =SUM(J33:AO33) -> 0
H34: 出库 | I34: =SUM(J34:AO34) -> 700 | P34: 200 | U34: 500
A35: 15 | B35: 307E型 | C35: M6*1.0-L10.5-M10*1.25-OD13.0 | D35: SUS303 | E35: 3283 | F35: pcs | G35: =E35+I35-I36 -> 3283 | H35: 入库 | I35: =SUM(J35:AO35) -> 0
H36: 出库 | I36: =SUM(J36:AO36) -> 0
A37: 16 | B37: 307E型 | C37: M8*1.25-L10.5-M12*1.5-OD15.0 | D37: SUS303 | E37: 465 | F37: pcs | G37: =E37+I37-I38 -> 465 | H37: 入库 | I37: =SUM(J37:AO37) -> 0
H38: 出库 | I38: =SUM(J38:AO38) -> 0
A39: 17 | B39: 307E型 | C39: M10*1.5-L11.5-M14*1.5-OD17.0 | D39: SUS303 | E39: 1876 | F39: pcs | G39: =E39+I39-I40 -> 1801 | H39: 入库 | I39: =SUM(J39:AO39) -> 0
H40: 出库 | I40: =SUM(J40:AO40) -> 75 | N40: 5 | AA40: 70
A41: 18 | E41: 0 | F41: pcs | G41: =E41+I41-I42 -> 0 | H41: 入库 | I41: =SUM(J41:AO41) -> 0
H42: 出库 | I42: =SUM(J42:AO42) -> 0
A43: 19 | B43: 308E型 | C43: M3*0.5-L7-M5*0.6-OD7.0 | D43: SUS303 | E43: 1066 | F43: pcs | G43: =E43+I43-I44 -> 1066 | H43: 入库 | I43: =SUM(J43:AO43) -> 0
H44: 出库 | I44: =SUM(J44:AO44) -> 0
A45: 20 | B45: 308E型 | C45: M4*0.7-L9-M6.5*0.8-OD9.0 | D45: SUS303 | E45: 2310 | F45: pcs | G45: =E45+I45-I46 -> 2310 | H45: 入库 | I45: =SUM(J45:AO45) -> 0
H46: 出库 | I46: =SUM(J46:AO46) -> 0
A47: 21 | B47: 308E型 | C47: M5*0.8-L11-M8*1.0-OD11.0 | D47: SUS303 | E47: 1929 | F47: pcs | G47: =E47+I47-I48 -> 1829 | H47: 入库 | I47: =SUM(J47:AO47) -> 0
H48: 出库 | I48: =SUM(J48:AO48) -> 100 | V48: 100
A49: 22 | B49: 308E型 | C49: M6*1.0-L13.5-M10*1.25-OD13.0 | D49: SUS303 | E49: 2000 | F49: pcs | G49: =E49+I49-I50 -> 2000 | H49: 入库 | I49: =SUM(J49:AO49) -> 0
H50: 出库 | I50: =SUM(J50:AO50) -> 0
A51: 23 | B51: 308E型 | C51: M8*1.25-L16.5-M12*1.5-OD15 | D51: SUS303 | E51: 1365 | F51: pcs | G51: =E51+I51-I52 -> 1365 | H51: 入库 | I51: =SUM(J51:AO51) -> 0
H52: 出库 | I52: =SUM(J52:AO52) -> 0
A53: 24 | B53: 308E型 | C53: M10*1.5-L19.5-M14*1.5-OD17 | D53: SUS303 | E53: 1607 | F53: pcs | G53: =E53+I53-I54 -> 1107 | H53: 入库 | I53: =SUM(J53:AO53) -> 0
H54: 出库 | I54: =SUM(J54:AO54) -> 500 | P54: 500
A55: 25 | E55: 0 | F55: pcs | G55: =E55+I55-I56 -> 0 | H55: 入库 | I55: =SUM(J55:AO55) -> 0
H56: 出库 | I56: =SUM(J56:AO56) -> 0
A57: 26 | E57: 0 | F57: pcs | G57: =E57+I57-I58 -> 0 | H57: 入库 | I57: =SUM(J57:AO57) -> 0
H58: 出库 | I58: =SUM(J58:AO58) -> 0
A59: 27 | E59: 0 | F59: pcs | G59: =E59+I59-I60 -> 0 | H59: 入库 | I59: =SUM(J59:AO59) -> 0
H60: 出库 | I60: =SUM(J60:AO60) -> 0
A61: 28 | E61: 0 | F61: pcs | G61: =E61+I61-I62 -> 0 | H61: 入库 | I61: =SUM(J61:AO61) -> 0
H62: 出库 | I62: =SUM(J62:AO62) -> 0
A63: 29 | F63: pcs | G63: =E63+I63-I64 -> 0 | H63: 入库 | I63: =SUM(J63:AO63) -> 0
H64: 出库 | I64: =SUM(J64:AO64) -> 0
A65: 30 | F65: pcs | G65: =E65+I65-I66 -> 0 | H65: 入库 | I65: =SUM(J65:AO65) -> 0
H66: 出库 | I66: =SUM(J66:AO66) -> 0
A67: 31 | F67: pcs | G67: =E67+I67-I68 -> 0 | H67: 入库 | I67: =SUM(J67:AO67) -> 0
H68: 出库 | I68: =SUM(J68:AO68) -> 0
A69: 32 | F69: pcs | G69: =E69+I69-I70 -> 0 | H69: 入库 | I69: =SUM(J69:AO69) -> 0
H70: 出库 | I70: =SUM(J70:AO70) -> 0
A71: 33 | F71: pcs | G71: =E71+I71-I72 -> 0 | H71: 入库 | I71: =SUM(J71:AO71) -> 0
H72: 出库 | I72: =SUM(J72:AO72) -> 0
A73: 34 | F73: pcs | G73: =E73+I73-I74 -> 0 | H73: 入库 | I73: =SUM(J73:AO73) -> 0
H74: 出库 | I74: =SUM(J74:AO74) -> 0
A75: 35 | F75: pcs | G75: =E75+I75-I76 -> 0 | H75: 入库 | I75: =SUM(J75:AO75) -> 0
H76: 出库 | I76: =SUM(J76:AO76) -> 0
A77: 36 | F77: pcs | G77: =E77+I77-I78 -> 0 | H77: 入库 | I77: =SUM(J77:AO77) -> 0
H78: 出库 | I78: =SUM(J78:AO78) -> 0
A79: 37 | F79: pcs | G79: =E79+I79-I80 -> 0 | H79: 入库 | I79: =SUM(J79:AO79) -> 0
H80: 出库 | I80: =SUM(J80:AO80) -> 0
A81: 38 | F81: pcs | G81: =E81+I81-I82 -> 0 | H81: 入库 | I81: =SUM(J81:AO81) -> 0
H82: 出库 | I82: =SUM(J82:AO82) -> 0
A83: 39 | F83: pcs | G83: =E83+I83-I84 -> 0 | H83: 入库 | I83: =SUM(J83:AO83) -> 0
H84: 出库 | I84: =SUM(J84:AO84) -> 0
A85: 40 | F85: pcs | G85: =E85+I85-I86 -> 0 | H85: 入库 | I85: =SUM(J85:AO85) -> 0
H86: 出库 | I86: =SUM(J86:AO86) -> 0
A87: 41 | F87: pcs | G87: =E87+I87-I88 -> 0 | H87: 入库 | I87: =SUM(J87:AO87) -> 0
H88: 出库 | I88: =SUM(J88:AO88) -> 0
A89: 42 | F89: pcs | G89: =E89+I89-I90 -> 0 | H89: 入库 | I89: =SUM(J89:AO89) -> 0
H90: 出库 | I90: =SUM(J90:AO90) -> 0
A91: 43 | F91: pcs | G91: =E91+I91-I92 -> 0 | H91: 入库 | I91: =SUM(J91:AO91) -> 0
H92: 出库 | I92: =SUM(J92:AO92) -> 0
A93: 44 | F93: pcs | G93: =E93+I93-I94 -> 0 | H93: 入库 | I93: =SUM(J93:AO93) -> 0
H94: 出库 | I94: =SUM(J94:AO94) -> 0
A95: 45 | F95: pcs | G95: =E95+I95-I96 -> 0 | H95: 入库 | I95: =SUM(J95:AO95) -> 0
H96: 出库 | I96: =SUM(J96:AO96) -> 0
A97: 46 | F97: pcs | G97: =E97+I97-I98 -> 0 | H97: 入库 | I97: =SUM(J97:AO97) -> 0
H98: 出库 | I98: =SUM(J98:AO98) -> 0
A99: 47 | F99: pcs | G99: =E99+I99-I100 -> 0 | H99: 入库 | I99: =SUM(J99:AO99) -> 0
H100: 出库 | I100: =SUM(J100:AO100) -> 0
...

Sheet DIN7965型
A1: DIN7965型库存明细
A2: 日期 | B2: ='302槽型'!B2 -> 46023 | D2: 本月入库统计 | H2: 每日入库统计 | J2: =SUMIF($H:$H,#REF!,J:J) -> 0 | K2: =SUMIF($H:$H,#REF!,K:K) -> 0 | L2: =SUMIF($H:$H,#REF!,L:L) -> 0 | M2: =SUMIF($H:$H,#REF!,M:M) -> 0 | N2: =SUMIF($H:$H,#REF!,N:N) -> 0 | O2: =SUMIF($H:$H,#REF!,O:O) -> 0 | P2: =SUMIF($H:$H,#REF!,P:P) -> 0 | Q2: =SUMIF($H:$H,#REF!,Q:Q) -> 0 | R2: =SUMIF($H:$H,#REF!,R:R) -> 0 | S2: =SUMIF($H:$H,#REF!,S:S) -> 0 | T2: =SUMIF($H:$H,#REF!,T:T) -> 0 | U2: =SUMIF($H:$H,#REF!,U:U) -> 0 | V2: =SUMIF($H:$H,#REF!,V:V) -> 0 | W2: =SUMIF($H:$H,#REF!,W:W) -> 0 | X2: =SUMIF($H:$H,#REF!,X:X) -> 0 | Y2: =SUMIF($H:$H,#REF!,Y:Y) -> 0
D3: 本月出库统计 | H3: 每日出库统计 | J3: =SUMIF($H:$H,#REF!,J:J) -> 0 | K3: =SUMIF($H:$H,#REF!,K:K) -> 0 | L3: =SUMIF($H:$H,#REF!,L:L) -> 0 | M3: =SUMIF($H:$H,#REF!,M:M) -> 0 | N3: =SUMIF($H:$H,#REF!,N:N) -> 0 | O3: =SUMIF($H:$H,#REF!,O:O) -> 0 | P3: =SUMIF($H:$H,#REF!,P:P) -> 0 | Q3: =SUMIF($H:$H,#REF!,Q:Q) -> 0 | R3: =SUMIF($H:$H,#REF!,R:R) -> 0 | S3: =SUMIF($H:$H,#REF!,S:S) -> 0 | T3: =SUMIF($H:$H,#REF!,T:T) -> 0 | U3: =SUMIF($H:$H,#REF!,U:U) -> 0 | V3: =SUMIF($H:$H,#REF!,V:V) -> 0 | W3: =SUMIF($H:$H,#REF!,W:W) -> 0 | X3: =SUMIF($H:$H,#REF!,X:X) -> 0 | Y3: =SUMIF($H:$H,#REF!,Y:Y) -> 0
A4: 序号 | B4: 类别 | C4: 规格 | D4: 材质 | E4: 上月结存 | F4: 单位 | G4: 现库存 | H4: 入/出库 | I4: 汇总 | J4: ='302槽型'!J4 -> 46023 | K4: ='302槽型'!K4 -> 46024 | L4: ='302槽型'!L4 -> 46025 | M4: ='302槽型'!M4 -> 46026 | N4: ='302槽型'!N4 -> 46027 | O4: ='302槽型'!O4 -> 46028 | P4: ='302槽型'!P4 -> 46029 | Q4: ='302槽型'!Q4 -> 46030 | ... AN4: ='302槽型'!AN4 -> 46053
A5: 1 | B5: DIN7965 | C5: M3*0.5-L8-OD6.0 | D5: SUS303 | E5: 19615 | F5: PCS | G5: =E5+I5-I6 -> 19615 | H5: 入库 | I5: =SUM(J5:AO5) -> 0
H6: 出库 | I6: =SUM(J6:AO6) -> 0
A7: 2 | B7: DIN7965 | C7: M4*0.7-L10-OD8.0 | D7: SUS303 | E7: 343 | F7: PCS | G7: =E7+I7-I8 -> 343 | H7: 入库 | I7: =SUM(J7:AO7) -> 0
H8: 出库 | I8: =SUM(J8:AO8) -> 0
A9: 2 | B9: DIN7965-2 | C9: M4*0.7-L10-OD8.0*2.35 | D9: C3604 | E9: 775 | F9: PCS | G9: =E9+I9-I10 -> 775 | H9: 入库 | I9: =SUM(J9:AO9) -> 0
H10: 出库 | I10: =SUM(J10:AO10) -> 0
A11: 3 | B11: DIN7965 | C11: M5*0.8-L10-OD10.0 | D11: SUS303 | E11: 2930 | F11: PCS | G11: =E11+I11-I12 -> 2930 | H11: 入库 | I11: =SUM(J11:AO11) -> 0
H12: 出库 | I12: =SUM(J12:AO12) -> 0
A13: 3 | B13: DIN7965 | C13: M5*0.8-L12-OD10.0 | D13: 304材质 | E13: 0 | F13: PCS | G13: =E13+I13-I14 -> 0 | H13: 入库 | I13: =SUM(J13:AO13) -> 0
H14: 出库 | I14: =SUM(J14:AO14) -> 0
A15: 3 | B15: DIN7965 | C15: M5*0.8-L12-OD10.0 | D15: SUS303 | E15: 3 | F15: PCS | G15: =E15+I15-I16 -> 3 | H15: 入库 | I15: =SUM(J15:AO15) -> 0
H16: 出库 | I16: =SUM(J16:AO16) -> 0
A17: 4 | B17: DIN7965 | C17: M5*0.8-L15-OD10.0 | D17: SUS303 | E17: 532 | F17: PCS | G17: =E17+I17-I18 -> 532 | H17: 入库 | I17: =SUM(J17:AO17) -> 0
H18: 出库 | I18: =SUM(J18:AO18) -> 0
A19: 5 | B19: DIN7965 | C19: M6*1.0-L15-OD12.0 | D19: SUS303 | E19: 1018 | F19: PCS | G19: =E19+I19-I20 -> 8306 | H19: 入库 | I19: =SUM(J19:AO19) -> 15295 | K19: 4345 | L19: 2530 | O19: 970 | S19: 4595 | W19: 2855
H20: 出库 | I20: =SUM(J20:AO20) -> 8007 | K20: 5000 | O20: 3000 | AK20: 4 | AL20: 3
A21: 6 | B21: DIN7965 | C21: M6*1.0-L12-OD12.0 | D21: SUS303 | E21: 738 | F21: PCS | G21: =E21+I21-I22 -> 6170 | H21: 入库 | I21: =SUM(J21:AO21) -> 10435 | L21: 5440 | Q21: 2870 | S21: 2125
H22: 出库 | I22: =SUM(J22:AO22) -> 5003 | L22: 5000 | AL22: 3
A23: 7 | B23: DIN7965 | C23: M6*1.0-L18-OD12.0 | D23: SUS303 | E23: 710 | F23: PCS | G23: =E23+I23-I24 -> 710 | H23: 入库 | I23: =SUM(J23:AO23) -> 0
H24: 出库 | I24: =SUM(J24:AO24) -> 0
A25: 7 | B25: DIN7965-2 | C25: M6*1.0-L7-OD12.0 | D25: SUS303 | E25: 70 | F25: PCS | G25: =E25+I25-I26 -> 70 | H25: 入库 | I25: =SUM(J25:AO25) -> 0
H26: 出库 | I26: =SUM(J26:AO26) -> 0
A27: 7 | B27: DIN7965-2 | C27: M6*1.0-L8-OD12.0 | D27: SUS303 | E27: 210 | F27: PCS | G27: =E27+I27-I28 -> 210 | H27: 入库 | I27: =SUM(J27:AO27) -> 0
H28: 出库 | I28: =SUM(J28:AO28) -> 0
A29: 7 | B29: DIN7965-2 | C29: M6*1.0-L10-OD12.0 | D29: SUS303 | E29: 285 | F29: PCS | G29: =E29+I29-I30 -> 285 | H29: 入库 | I29: =SUM(J29:AO29) -> 0
H30: 出库 | I30: =SUM(J30:AO30) -> 0
A31: 8 | B31: DIN7965-2 | C31: M8*1.25-L9-OD16.0 | D31: SUS303 | E31: 15 | F31: PCS | G31: =E31+I31-I32 -> 15 | H31: 入库 | I31: =SUM(J31:AO31) -> 0
H32: 出库 | I32: =SUM(J32:AO32) -> 0
A33: 8 | B33: DIN7965-2 | C33: M10*1.5-L15-OD18.5 | D33: SUS303 | E33: 0 | F33: PCS | G33: =E33+I33-I34 -> 5 | H33: 入库 | I33: =SUM(J33:AO33) -> 55 | AK33: 55
H34: 出库 | I34: =SUM(J34:AO34) -> 50 | AK34: 50
A35: 8 | B35: DIN7965 | C35: M8*1.25-L15-OD16.0 | D35: SUS303 | E35: 1535 | F35: PCS | G35: =E35+I35-I36 -> 1535 | H35: 入库 | I35: =SUM(J35:AO35) -> 0
H36: 出库 | I36: =SUM(J36:AO36) -> 0
A37: 9 | B37: DIN7965 | C37: M8*1.25-L15-OD14.0 | D37: SUS303 | E37: 499 | F37: PCS | G37: =E37+I37-I38 -> 299 | H37: 入库 | I37: =SUM(J37:AO37) -> 0
H38: 出库 | I38: =SUM(J38:AO38) -> 200 | AC38: 200
A39: 10 | B39: DIN7965 | C39: M8*1.25-L18-OD16.0 | D39: SUS303 | E39: 1422 | F39: PCS | G39: =E39+I39-I40 -> 1422 | H39: 入库 | I39: =SUM(J39:AO39) -> 0
H40: 出库 | I40: =SUM(J40:AO40) -> 0
A41: 11 | E41: 0 | G41: =E41+I41-I42 -> 0 | H41: 入库 | I41: =SUM(J41:AO41) -> 0
H42: 出库 | I42: =SUM(J42:AO42) -> 0
A43: 12 | E43: 0 | G43: =E43+I43-I44 -> 0 | H43: 入库 | I43: =SUM(J43:AO43) -> 0
H44: 出库 | I44: =SUM(J44:AO44) -> 0
A45: 13 | G45: =E45+I45-I46 -> 0 | H45: 入库 | I45: =SUM(J45:AO45) -> 0
H46: 出库 | I46: =SUM(J46:AO46) -> 0
A47: 14 | G47: =E47+I47-I48 -> 0 | H47: 入库 | I47: =SUM(J47:AO47) -> 0
H48: 出库 | I48: =SUM(J48:AO48) -> 0
A49: 15 | G49: =E49+I49-I50 -> 0 | H49: 入库 | I49: =SUM(J49:AO49) -> 0
H50: 出库 | I50: =SUM(J50:AO50) -> 0
A51: 16 | G51: =E51+I51-I52 -> 0 | H51: 入库 | I51: =SUM(J51:AO51) -> 0
H52: 出库 | I52: =SUM(J52:AO52) -> 0
A53: 17 | G53: =E53+I53-I54 -> 0 | H53: 入库 | I53: =SUM(J53:AO53) -> 0
H54: 出库 | I54: =SUM(J54:AO54) -> 0
A55: 18 | G55: =E55+I55-I56 -> 0 | H55: 入库 | I55: =SUM(J55:AO55) -> 0
H56: 出库 | I56: =SUM(J56:AO56) -> 0
A57: 19 | G57: =E57+I57-I58 -> 0 | H57: 入库 | I57: =SUM(J57:AO57) -> 0
H58: 出库 | I58: =SUM(J58:AO58) -> 0
A59: 20 | G59: =E59+I59-I60 -> 0 | H59: 入库 | I59: =SUM(J59:AO59) -> 0
H60: 出库 | I60: =SUM(J60:AO60) -> 0
A61: 21 | G61: =E61+I61-I62 -> 0 | H61: 入库 | I61: =SUM(J61:AO61) -> 0
H62: 出库 | I62: =SUM(J62:AO62) -> 0
A63: 22 | G63: =E63+I63-I64 -> 0 | H63: 入库 | I63: =SUM(J63:AO63) -> 0
H64: 出库 | I64: =SUM(J64:AO64) -> 0
A65: 23 | G65: =E65+I65-I66 -> 0 | H65: 入库 | I65: =SUM(J65:AO65) -> 0
H66: 出库 | I66: =SUM(J66:AO66) -> 0
A67: 24 | G67: =E67+I67-I68 -> 0 | H67: 入库 | I67: =SUM(J67:AO67) -> 0
H68: 出库 | I68: =SUM(J68:AO68) -> 0
A69: 25 | G69: =E69+I69-I70 -> 0 | H69: 入库 | I69: =SUM(J69:AO69) -> 0
H70: 出库 | I70: =SUM(J70:AO70) -> 0
A71: 26 | G71: =E71+I71-I72 -> 0 | H71: 入库 | I71: =SUM(J71:AO71) -> 0
H72: 出库 | I72: =SUM(J72:AO72) -> 0
A73: 27 | G73: =E73+I73-I74 -> 0 | H73: 入库 | I73: =SUM(J73:AO73) -> 0
H74: 出库 | I74: =SUM(J74:AO74) -> 0
A75: 28 | G75: =E75+I75-I76 -> 0 | H75: 入库 | I75: =SUM(J75:AO75) -> 0
H76: 出库 | I76: =SUM(J76:AO76) -> 0
A77: 29 | G77: =E77+I77-I78 -> 0 | H77: 入库 | I77: =SUM(J77:AO77) -> 0
H78: 出库 | I78: =SUM(J78:AO78) -> 0
A79: 30 | G79: =E79+I79-I80 -> 0 | H79: 入库 | I79: =SUM(J79:AO79) -> 0
H80: 出库 | I80: =SUM(J80:AO80) -> 0
A81: 31 | G81: =E81+I81-I82 -> 0 | H81: 入库 | I81: =SUM(J81:AO81) -> 0
H82: 出库 | I82: =SUM(J82:AO82) -> 0
A83: 32 | G83: =E83+I83-I84 -> 0 | H83: 入库 | I83: =SUM(J83:AO83) -> 0
H84: 出库 | I84: =SUM(J84:AO84) -> 0
A85: 33 | G85: =E85+I85-I86 -> 0 | H85: 入库 | I85: =SUM(J85:AO85) -> 0
H86: 出库 | I86: =SUM(J86:AO86) -> 0
A87: 34 | G87: =E87+I87-I88 -> 0 | H87: 入库 | I87: =SUM(J87:AO87) -> 0
H88: 出库 | I88: =SUM(J88:AO88) -> 0
A89: 35 | G89: =E89+I89-I90 -> 0 | H89: 入库 | I89: =SUM(J89:AO89) -> 0
H90: 出库 | I90: =SUM(J90:AO90) -> 0
A91: 36 | G91: =E91+I91-I92 -> 0 | H91: 入库 | I91: =SUM(J91:AO91) -> 0
H92: 出库 | I92: =SUM(J92:AO92) -> 0
A93: 37 | G93: =E93+I93-I94 -> 0 | H93: 入库 | I93: =SUM(J93:AO93) -> 0
H94: 出库 | I94: =SUM(J94:AO94) -> 0
A95: 38 | G95: =E95+I95-I96 -> 0 | H95: 入库 | I95: =SUM(J95:AO95) -> 0
H96: 出库 | I96: =SUM(J96:AO96) -> 0
A97: 39 | G97: =E97+I97-I98 -> 0 | H97: 入库 | I97: =SUM(J97:AO97) -> 0
H98: 出库 | I98: =SUM(J98:AO98) -> 0
A99: 40 | G99: =E99+I99-I100 -> 0 | H99: 入库 | I99: =SUM(J99:AO99) -> 0
H100: 出库 | I100: =SUM(J100:AO100) -> 0
...

Sheet 303 薄壁型 
A1: 303薄壁型库存明细
A2: 日期 | B2: ='302槽型'!B2 -> 46023 | D2: 本月入库统计 | H2: 每日入库统计 | J2: =SUMIF($H:$H,#REF!,J:J) -> 0 | K2: =SUMIF($H:$H,#REF!,K:K) -> 0 | L2: =SUMIF($H:$H,#REF!,L:L) -> 0 | M2: =SUMIF($H:$H,#REF!,M:M) -> 0 | N2: =SUMIF($H:$H,#REF!,N:N) -> 0 | O2: =SUMIF($H:$H,#REF!,O:O) -> 0 | P2: =SUMIF($H:$H,#REF!,P:P) -> 0 | Q2: =SUMIF($H:$H,#REF!,Q:Q) -> 0 | R2: =SUMIF($H:$H,#REF!,R:R) -> 0 | S2: =SUMIF($H:$H,#REF!,S:S) -> 0 | T2: =SUMIF($H:$H,#REF!,T:T) -> 0 | U2: =SUMIF($H:$H,#REF!,U:U) -> 0 | V2: =SUMIF($H:$H,#REF!,V:V) -> 0 | W2: =SUMIF($H:$H,#REF!,W:W) -> 0 | X2: =SUMIF($H:$H,#REF!,X:X) -> 0 | Y2: =SUMIF($H:$H,#REF!,Y:Y) -> 0
D3: 本月出库统计 | H3: 每日出库统计 | J3: =SUMIF($H:$H,#REF!,J:J) -> 0 | K3: =SUMIF($H:$H,#REF!,K:K) -> 0 | L3: =SUMIF($H:$H,#REF!,L:L) -> 0 | M3: =SUMIF($H:$H,#REF!,M:M) -> 0 | N3: =SUMIF($H:$H,#REF!,N:N) -> 0 | O3: =SUMIF($H:$H,#REF!,O:O) -> 0 | P3: =SUMIF($H:$H,#REF!,P:P) -> 0 | Q3: =SUMIF($H:$H,#REF!,Q:Q) -> 0 | R3: =SUMIF($H:$H,#REF!,R:R) -> 0 | S3: =SUMIF($H:$H,#REF!,S:S) -> 0 | T3: =SUMIF($H:$H,#REF!,T:T) -> 0 | U3: =SUMIF($H:$H,#REF!,U:U) -> 0 | V3: =SUMIF($H:$H,#REF!,V:V) -> 0 | W3: =SUMIF($H:$H,#REF!,W:W) -> 0 | X3: =SUMIF($H:$H,#REF!,X:X) -> 0 | Y3: =SUMIF($H:$H,#REF!,Y:Y) -> 0
A4: 序号 | B4: 类别 | C4: 规格 | D4: 材质 | E4: 上月结存 | F4: 单位 | G4: 现库存 | H4: 入/出库 | I4: 汇总 | J4: ='302槽型'!J4 -> 46023 | K4: ='302槽型'!K4 -> 46024 | L4: ='302槽型'!L4 -> 46025 | M4: ='302槽型'!M4 -> 46026 | N4: ='302槽型'!N4 -> 46027 | O4: ='302槽型'!O4 -> 46028 | P4: ='302槽型'!P4 -> 46029 | Q4: ='302槽型'!Q4 -> 46030 | ... AN4: ='302槽型'!AN4 -> 46053
A5: 1 | B5: 303薄壁型 | C5: M5*0.8-L8-M7*0.8 | D5: SUS303 | E5: 6346 | F5: pcs | G5: =E5+I5-I6 -> 6316 | H5: 入库 | I5: =SUM(J5:AO5) -> 0
H6: 出库 | I6: =SUM(J6:AO6) -> 30 | AD6: 30
A7: 2 | B7: 303薄壁型 | C7: M6*1.0-L8-M8*1.0 | D7: SUS303 | E7: 5360 | F7: pcs | G7: =E7+I7-I8 -> 5360 | H7: 入库 | I7: =SUM(J7:AO7) -> 0
H8: 出库 | I8: =SUM(J8:AO8) -> 0
A9: 3 | B9: 303薄壁型 | C9: M6*1.0-L10-M8*1.0 | D9: SUS303 | E9: 52046 | F9: pcs | G9: =E9+I9-I10 -> 52016 | H9: 入库 | I9: =SUM(J9:AO9) -> 0
H10: 出库 | I10: =SUM(J10:AO10) -> 30 | AD10: 30
A11: 4 | B11: 303薄壁型 | C11: M8*1.25-L12-M10*1.25 | D11: SUS303 | E11: 11830 | F11: pcs | G11: =E11+I11-I12 -> 10805 | H11: 入库 | I11: =SUM(J11:AO11) -> 0
H12: 出库 | I12: =SUM(J12:AO12) -> 1025 | O12: 1000 | T12: 25
A13: 4 | B13: 303薄壁型 | C13: M8*1.25-L12-M10*1.25 | D13: 316材质 | E13: 44 | F13: pcs | G13: =E13+I13-I14 -> 4319 | H13: 入库 | I13: =SUM(J13:AO13) -> 6535 | AE13: 2260 | AK13: 4275
H14: 出库 | I14: =SUM(J14:AO14) -> 2260 | AF14: 2260
A15: 5 | B15: 303薄壁型 | C15: M10*1.0-L10-M12*1.0 | D15: SUS303 | E15: 80 | F15: pcs | G15: =E15+I15-I16 -> 80 | H15: 入库 | I15: =SUM(J15:AO15) -> 0
H16: 出库 | I16: =SUM(J16:AO16) -> 0
A17: 6 | B17: 303薄壁型 | C17: M10*1.25-L13-M12*1.25 | D17: SUS303 | E17: 90 | F17: pcs | G17: =E17+I17-I18 -> 70 | H17: 入库 | I17: =SUM(J17:AO17) -> 0
H18: 出库 | I18: =SUM(J18:AO18) -> 20 | O18: 20
A19: 7 | B19: 303薄壁型 | C19: M10*1.25-L15-M12*1.25 | D19: SUS303 | E19: 1630 | F19: pcs | G19: =E19+I19-I20 -> 1610 | H19: 入库 | I19: =SUM(J19:AO19) -> 0
H20: 出库 | I20: =SUM(J20:AO20) -> 20 | O20: 20
A21: 8 | B21: 303薄壁型 | C21: M10*1.5-L15-M12*1.5 | D21: SUS303 | E21: 916 | F21: pcs | G21: =E21+I21-I22 -> 916 | H21: 入库 | I21: =SUM(J21:AO21) -> 0
H22: 出库 | I22: =SUM(J22:AO22) -> 0
A23: 9 | B23: 303薄壁型 | C23: M12*1.5-L14-M14*1.5 | D23: SUS303 | E23: 28 | F23: pcs | G23: =E23+I23-I24 -> 28 | H23: 入库 | I23: =SUM(J23:AO23) -> 0
H24: 出库 | I24: =SUM(J24:AO24) -> 0
A25: 10 | B25: 303薄壁型 | C25: M12*1.5-L18-M14*1.5 | D25: SUS303 | E25: 498 | F25: pcs | G25: =E25+I25-I26 -> 498 | H25: 入库 | I25: =SUM(J25:AO25) -> 0
H26: 出库 | I26: =SUM(J26:AO26) -> 0
A27: 11 | B27: 303薄壁型 | C27: M12*1.75-L18-M14*1.75 | D27: SUS303 | E27: 2080 | F27: pcs | G27: =E27+I27-I28 -> 2070 | H27: 入库 | I27: =SUM(J27:AO27) -> 0
H28: 出库 | I28: =SUM(J28:AO28) -> 10 | AF28: 10
A29: 12 | B29: 303薄壁型 | C29: M5*0.8-L8-M7*0.8 | D29: 1215黄锌 | E29: 3670 | F29: pcs | G29: =E29+I29-I30 -> 3670 | H29: 入库 | I29: =SUM(J29:AO29) -> 0
H30: 出库 | I30: =SUM(J30:AO30) -> 0
A31: 13 | B31: 303薄壁型 | C31: M6*1.0-L10-M8*1.0 | D31: 1215黄锌 | E31: 2560 | F31: pcs | G31: =E31+I31-I32 -> 2560 | H31: 入库 | I31: =SUM(J31:AO31) -> 0
H32: 出库 | I32: =SUM(J32:AO32) -> 0
A33: 14 | B33: 303薄壁型 | C33: M8*1.25-L12-M10*1.25 | D33: 1215黄锌 | E33: 22292 | F33: pcs | G33: =E33+I33-I34 -> 22292 | H33: 入库 | I33: =SUM(J33:AO33) -> 0
H34: 出库 | I34: =SUM(J34:AO34) -> 0
A35: 15 | B35: 303薄壁型 | C35: M10*1.25-L15-M12*1.25 | D35: 1215黄锌 | E35: 3180 | F35: pcs | G35: =E35+I35-I36 -> 3180 | H35: 入库 | I35: =SUM(J35:AO35) -> 0
H36: 出库 | I36: =SUM(J36:AO36) -> 0
A37: 16 | B37: 303薄壁型 | C37: M10*1.5-L15-M12*1.5 | D37: 1215黄锌 | E37: 1280 | F37: pcs | G37: =E37+I37-I38 -> 1280 | H37: 入库 | I37: =SUM(J37:AO37) -> 0
H38: 出库 | I38: =SUM(J38:AO38) -> 0
A39: 17 | B39: 303薄壁型 | C39: M12*1.25-L18-M14*1.25 | D39: 1215黄锌 | E39: 220 | F39: pcs | G39: =E39+I39-I40 -> 220 | H39: 入库 | I39: =SUM(J39:AO39) -> 0
H40: 出库 | I40: =SUM(J40:AO40) -> 0
A41: 18 | B41: 303薄壁型 | C41: M12*1.25-L18-M14*1.25 | D41: 1215黄锌 | E41: 47 | F41: pcs | G41: =E41+I41-I42 -> 47 | H41: 入库 | I41: =SUM(J41:AO41) -> 0
H42: 出库 | I42: =SUM(J42:AO42) -> 0
A43: 19 | B43: 303薄壁型 | C43: M12*1.5-L18-M14*1.5 | D43: 1215黄锌 | E43: 1175 | F43: pcs | G43: =E43+I43-I44 -> 1175 | H43: 入库 | I43: =SUM(J43:AO43) -> 0
H44: 出库 | I44: =SUM(J44:AO44) -> 0
A45: 20 | B45: 303薄壁型 | C45: M12*1.75-L18-M14*1.75 | D45: 1215黄锌 | E45: 2780 | F45: pcs | G45: =E45+I45-I46 -> 2780 | H45: 入库 | I45: =SUM(J45:AO45) -> 0
H46: 出库 | I46: =SUM(J46:AO46) -> 0
A47: 21 | E47: 0 | F47: pcs | G47: =E47+I47-I48 -> 0 | H47: 入库 | I47: =SUM(J47:AO47) -> 0
H48: 出库 | I48: =SUM(J48:AO48) -> 0
A49: 22 | E49: 0 | F49: pcs | G49: =E49+I49-I50 -> 0 | H49: 入库 | I49: =SUM(J49:AO49) -> 0
H50: 出库 | I50: =SUM(J50:AO50) -> 0
A51: 23 | E51: 0 | F51: pcs | G51: =E51+I51-I52 -> 0 | H51: 入库 | I51: =SUM(J51:AO51) -> 0
H52: 出库 | I52: =SUM(J52:AO52) -> 0
A53: 24 | F53: pcs | G53: =E53+I53-I54 -> 0 | H53: 入库 | I53: =SUM(J53:AO53) -> 0
H54: 出库 | I54: =SUM(J54:AO54) -> 0
A55: 25 | F55: pcs | G55: =E55+I55-I56 -> 0 | H55: 入库 | I55: =SUM(J55:AO55) -> 0
H56: 出库 | I56: =SUM(J56:AO56) -> 0
A57: 26 | F57: pcs | G57: =E57+I57-I58 -> 0 | H57: 入库 | I57: =SUM(J57:AO57) -> 0
H58: 出库 | I58: =SUM(J58:AO58) -> 0
A59: 27 | F59: pcs | G59: =E59+I59-I60 -> 0 | H59: 入库 | I59: =SUM(J59:AO59) -> 0
H60: 出库 | I60: =SUM(J60:AO60) -> 0
A61: 28 | F61: pcs | G61: =E61+I61-I62 -> 0 | H61: 入库 | I61: =SUM(J61:AO61) -> 0
H62: 出库 | I62: =SUM(J62:AO62) -> 0
A63: 29 | F63: pcs | G63: =E63+I63-I64 -> 0 | H63: 入库 | I63: =SUM(J63:AO63) -> 0
H64: 出库 | I64: =SUM(J64:AO64) -> 0
A65: 30 | F65: pcs | G65: =E65+I65-I66 -> 0 | H65: 入库 | I65: =SUM(J65:AO65) -> 0
H66: 出库 | I66: =SUM(J66:AO66) -> 0
A67: 31 | F67: pcs | G67: =E67+I67-I68 -> 0 | H67: 入库 | I67: =SUM(J67:AO67) -> 0
H68: 出库 | I68: =SUM(J68:AO68) -> 0
A69: 32 | F69: pcs | G69: =E69+I69-I70 -> 0 | H69: 入库 | I69: =SUM(J69:AO69) -> 0
H70: 出库 | I70: =SUM(J70:AO70) -> 0
A71: 32 | F71: pcs | G71: =E71+I71-I72 -> 0 | H71: 入库 | I71: =SUM(J71:AO71) -> 0
H72: 出库 | I72: =SUM(J72:AO72) -> 0
A73: 33 | F73: pcs | G73: =E73+I73-I74 -> 0 | H73: 入库 | I73: =SUM(J73:AO73) -> 0
H74: 出库 | I74: =SUM(J74:AO74) -> 0
A75: 34 | F75: pcs | G75: =E75+I75-I76 -> 0 | H75: 入库 | I75: =SUM(J75:AO75) -> 0
H76: 出库 | I76: =SUM(J76:AO76) -> 0
A77: 35 | F77: pcs | G77: =E77+I77-I78 -> 0 | H77: 入库 | I77: =SUM(J77:AO77) -> 0
H78: 出库 | I78: =SUM(J78:AO78) -> 0
A79: 36 | F79: pcs | G79: =E79+I79-I80 -> 0 | H79: 入库 | I79: =SUM(J79:AO79) -> 0
H80: 出库 | I80: =SUM(J80:AO80) -> 0
A81: 37 | F81: pcs | G81: =E81+I81-I82 -> 0 | H81: 入库 | I81: =SUM(J81:AO81) -> 0
H82: 出库 | I82: =SUM(J82:AO82) -> 0
A83: 38 | F83: pcs | G83: =E83+I83-I84 -> 0 | H83: 入库 | I83: =SUM(J83:AO83) -> 0
H84: 出库 | I84: =SUM(J84:AO84) -> 0
A85: 39 | F85: pcs | G85: =E85+I85-I86 -> 0 | H85: 入库 | I85: =SUM(J85:AO85) -> 0
H86: 出库 | I86: =SUM(J86:AO86) -> 0
A87: 40 | F87: pcs | G87: =E87+I87-I88 -> 0 | H87: 入库 | I87: =SUM(J87:AO87) -> 0
H88: 出库 | I88: =SUM(J88:AO88) -> 0
A89: 41 | F89: pcs | G89: =E89+I89-I90 -> 0 | H89: 入库 | I89: =SUM(J89:AO89) -> 0
H90: 出库 | I90: =SUM(J90:AO90) -> 0
A91: 42 | F91: pcs | G91: =E91+I91-I92 -> 0 | H91: 入库 | I91: =SUM(J91:AO91) -> 0
H92: 出库 | I92: =SUM(J92:AO92) -> 0
A93: 43 | F93: pcs | G93: =E93+I93-I94 -> 0 | H93: 入库 | I93: =SUM(J93:AO93) -> 0
H94: 出库 | I94: =SUM(J94:AO94) -> 0
A95: 44 | F95: pcs | G95: =E95+I95-I96 -> 0 | H95: 入库 | I95: =SUM(J95:AO95) -> 0
H96: 出库 | I96: =SUM(J96:AO96) -> 0
A97: 45 | F97: pcs | G97: =E97+I97-I98 -> 0 | H97: 入库 | I97: =SUM(J97:AO97) -> 0
H98: 出库 | I98: =SUM(J98:AO98) -> 0
A99: 46 | F99: pcs | G99: =E99+I99-I100 -> 0 | H99: 入库 | I99: =SUM(J99:AO99) -> 0
H100: 出库 | I100: =SUM(J100:AO100) -> 0
...

Sheet 安钛定制
A1: 密实螺套（AT定制）库存明细
A2: 日期 | B2: ='302槽型'!B2 -> 46023 | D2: 本月入库统计 | H2: 每日入库统计 | J2: =SUMIF($H:$H,#REF!,J:J) -> 0 | K2: =SUMIF($H:$H,#REF!,K:K) -> 0 | L2: =SUMIF($H:$H,#REF!,L:L) -> 0 | M2: =SUMIF($H:$H,#REF!,M:M) -> 0 | N2: =SUMIF($H:$H,#REF!,N:N) -> 0 | O2: =SUMIF($H:$H,#REF!,O:O) -> 0 | P2: =SUMIF($H:$H,#REF!,P:P) -> 0 | Q2: =SUMIF($H:$H,#REF!,Q:Q) -> 0 | R2: =SUMIF($H:$H,#REF!,R:R) -> 0 | S2: =SUMIF($H:$H,#REF!,S:S) -> 0 | T2: =SUMIF($H:$H,#REF!,T:T) -> 0 | U2: =SUMIF($H:$H,#REF!,U:U) -> 0 | V2: =SUMIF($H:$H,#REF!,V:V) -> 0 | W2: =SUMIF($H:$H,#REF!,W:W) -> 0 | X2: =SUMIF($H:$H,#REF!,X:X) -> 0 | Y2: =SUMIF($H:$H,#REF!,Y:Y) -> 0
D3: 本月出库统计 | H3: 每日出库统计 | J3: =SUMIF($H:$H,#REF!,J:J) -> 0 | K3: =SUMIF($H:$H,#REF!,K:K) -> 0 | L3: =SUMIF($H:$H,#REF!,L:L) -> 0 | M3: =SUMIF($H:$H,#REF!,M:M) -> 0 | N3: =SUMIF($H:$H,#REF!,N:N) -> 0 | O3: =SUMIF($H:$H,#REF!,O:O) -> 0 | P3: =SUMIF($H:$H,#REF!,P:P) -> 0 | Q3: =SUMIF($H:$H,#REF!,Q:Q) -> 0 | R3: =SUMIF($H:$H,#REF!,R:R) -> 0 | S3: =SUMIF($H:$H,#REF!,S:S) -> 0 | T3: =SUMIF($H:$H,#REF!,T:T) -> 0 | U3: =SUMIF($H:$H,#REF!,U:U) -> 0 | V3: =SUMIF($H:$H,#REF!,V:V) -> 0 | W3: =SUMIF($H:$H,#REF!,W:W) -> 0 | X3: =SUMIF($H:$H,#REF!,X:X) -> 0 | Y3: =SUMIF($H:$H,#REF!,Y:Y) -> 0
A4: 序号 | B4: 类别 | C4: 规格 | D4: 材质 | E4: 上月结存 | F4: 单位 | G4: 现库存 | H4: 入/出库 | I4: 汇总 | J4: ='302槽型'!J4 -> 46023 | K4: ='302槽型'!K4 -> 46024 | L4: ='302槽型'!L4 -> 46025 | M4: ='302槽型'!M4 -> 46026 | N4: ='302槽型'!N4 -> 46027 | O4: ='302槽型'!O4 -> 46028 | P4: ='302槽型'!P4 -> 46029 | Q4: ='302槽型'!Q4 -> 46030 | ... AN4: ='302槽型'!AN4 -> 46053
A5: 1 | B5: 200HM | C5: M3*0.5-L15-M6*1.0-HD9 | D5: SUS303 | E5: 180 | F5: pcs | G5: =E5+I5-I6 -> 237 | H5: 入库 | I5: =SUM(J5:AO5) -> 6058 | AK5: 3360 | AL5: 2698
H6: 出库 | I6: =SUM(J6:AO6) -> 6001 | AI6: 1 | AK6: 3500 | AL6: 2500
A7: 1 | B7: 307无孔 | C7: M8*1.25-L6-M12*1.5 | D7: SUS303 | E7: 164 | F7: pcs | G7: =E7+I7-I8 -> 164 | H7: 入库 | I7: =SUM(J7:AO7) -> 0
H8: 出库 | I8: =SUM(J8:AO8) -> 0
A9: 2 | B9: 307无孔 | C9: M8*1.25-L9-M12*1.5 | D9: SUS303 | E9: 755 | F9: pcs | G9: =E9+I9-I10 -> 215 | H9: 入库 | I9: =SUM(J9:AO9) -> 4460 | L9: 4460
H10: 出库 | I10: =SUM(J10:AO10) -> 5000 | L10: 5000
A11: 2 | B11: 308无孔 | C11: M8*1.25-L14-M12*1.5（有导向） | D11: SUS303 | E11: 268 | F11: pcs | G11: =E11+I11-I12 -> 268 | H11: 入库 | I11: =SUM(J11:AO11) -> 0
H12: 出库 | I12: =SUM(J12:AO12) -> 0
A13: 2 | B13: 308无孔 | C13: M8*1.25-L14-M12*1.5（无导向） | D13: SUS303 | E13: 395 | F13: pcs | G13: =E13+I13-I14 -> 395 | H13: 入库 | I13: =SUM(J13:AO13) -> 0
H14: 出库 | I14: =SUM(J14:AO14) -> 0
A15: 2 | B15: 非标338孔 | C15: M8*1.25-L14-M12*1.5 | D15: SUS303 | E15: 48 | F15: pcs | G15: =E15+I15-I16 -> 48 | H15: 入库 | I15: =SUM(J15:AO15) -> 0
H16: 出库 | I16: =SUM(J16:AO16) -> 0
A17: 2 | B17: 非标308无孔 | C17: M10*1.5-L14-M14*1.5 | D17: SUS303 | E17: 95 | F17: pcs | G17: =E17+I17-I18 -> 95 | H17: 入库 | I17: =SUM(J17:AO17) -> 0
H18: 出库 | I18: =SUM(J18:AO18) -> 0
A19: 2 | B19: 308无侧孔 | C19: M10*1.25-L16-M14*1.5 | D19: SUS303 | E19: 0 | F19: pcs | G19: =E19+I19-I20 -> 5 | H19: 入库 | I19: =SUM(J19:AO19) -> 145905 | K19: 4700 | L19: 6050 | O19: =5365+3865 -> 9230 | P19: 5845 | Q19: =2795+3875 -> 6670 | R19: 8010 | S19: 5565 | U19: 4420 | V19: 6150 | W19: 6205 | X19: 5160 | Z19: 4735 | AA19: 6115 | AB19: 5525 | AC19: =5685+3630 -> 9315 | AD19: 4000 | AE19: 5075 | AF19: 5605 | AG19: =5670+3675 -> 9345 | AI19: 8590 | AJ19: 8680 | AK19: 3660 | AL19: 7255
H20: 出库 | I20: =SUM(J20:AO20) -> 145900 | L20: 10500 | O20: =5500+3900 -> 9400 | Q20: 12500 | R20: 6000 | S20: 7500 | W20: 16500 | Y20: 5500 | Z20: 4500 | AA20: 6000 | AD20: 19000 | AF20: =5000+5500 -> 10500 | AG20: 6000 | AK20: 24000 | AL20: 8000
A21: 3 | B21: 201型 | C21: M6*1.0-L7-M9*1.25 | D21: SUS303 | E21: 0 | F21: pcs | G21: =E21+I21-I22 -> 0 | H21: 入库 | I21: =SUM(J21:AO21) -> 0
H22: 出库 | I22: =SUM(J22:AO22) -> 0
A23: 3 | B23: 200B型 | C23: M6*1.0-L23-M10*1.5 | D23: 1215黄锌 | E23: 155 | F23: pcs | G23: =E23+I23-I24 -> 155 | H23: 入库 | I23: =SUM(J23:AO23) -> 0
H24: 出库 | I24: =SUM(J24:AO24) -> 0
A25: 3 | B25: 200HB | C25: M6*1.0-L22-M10*1.5-OD14*1.5 | D25: SUS303 | E25: 10 | F25: pcs | G25: =E25+I25-I26 -> 10 | H25: 入库 | I25: =SUM(J25:AO25) -> 0
H26: 出库 | I26: =SUM(J26:AO26) -> 0
A27: 3 | B27: 200HBM | C27: M6*1.0-L22-M10*1.5-OD14*1.5 | D27: SUS303 | E27: 210 | F27: pcs | G27: =E27+I27-I28 -> 210 | H27: 入库 | I27: =SUM(J27:AO27) -> 0
H28: 出库 | I28: =SUM(J28:AO28) -> 0
A29: 3 | B29: 200HB | C29: M10-L36-M14*1.25-OD17*3.5 | D29: 1215+油 | E29: 0 | F29: pcs | G29: =E29+I29-I30 -> 5 | H29: 入库 | I29: =SUM(J29:AO29) -> 1005 | AC29: 1005
H30: 出库 | I30: =SUM(J30:AO30) -> 1000 | AC30: 1000
A31: 4 | B31: 非标201型 | C31: Ф5.05-L6-M8*1.0 | D31: SUS303 | E31: 70 | F31: pcs | G31: =E31+I31-I32 -> 70 | H31: 入库 | I31: =SUM(J31:AO31) -> 0
H32: 出库 | I32: =SUM(J32:AO32) -> 0
A33: 4 | B33: 非标201型 | C33: M5*0.8-L6-M8*1.25 | D33: 304材质 | E33: 0 | F33: pcs | G33: =E33+I33-I34 -> 0 | H33: 入库 | I33: =SUM(J33:AO33) -> 0
H34: 出库 | I34: =SUM(J34:AO34) -> 0
A35: 4 | B35: 非标201型 | C35: M8*1.25-L12-M12*1.5 | D35: 304材质 | E35: 0 | F35: pcs | G35: =E35+I35-I36 -> 0 | H35: 入库 | I35: =SUM(J35:AO35) -> 0
H36: 出库 | I36: =SUM(J36:AO36) -> 0
A37: 5 | B37: 201盲孔型 | C37: M8*1.25-L26-M12*1.75 | D37: 1215彩锌 | E37: 538 | F37: pcs | G37: =E37+I37-I38 -> 538 | H37: 入库 | I37: =SUM(J37:AO37) -> 0
H38: 出库 | I38: =SUM(J38:AO38) -> 0
A39: 5 | B39: 201盲孔型 | C39: M8*1.25-L26-M12*1.75 | D39: 1215黄锌 | E39: 100 | F39: pcs | G39: =E39+I39-I40 -> 100 | H39: 入库 | I39: =SUM(J39:AO39) -> 0
H40: 出库 | I40: =SUM(J40:AO40) -> 0
A41: 6 | B41: 200H型 | C41: M8*1.25-L17-M14*2.0-OD18*K7.0 | D41: SUS303 | E41: 45 | F41: pcs | G41: =E41+I41-I42 -> 45 | H41: 入库 | I41: =SUM(J41:AO41) -> 0
H42: 出库 | I42: =SUM(J42:AO42) -> 0
A43: 7 | B43: 密实螺套 | C43: M6*1.0-L9.4-M8*1.0-OD9.0 | D43: SUS303 | E43: 140 | F43: pcs | G43: =E43+I43-I44 -> 180 | H43: 入库 | I43: =SUM(J43:AO43) -> 5040 | AE43: =4695+345 -> 5040
H44: 出库 | I44: =SUM(J44:AO44) -> 5000 | AF44: 5000
A45: 7 | B45: 密实螺套 | C45: M6*1.0-L9.4-M8*1.0-OD9.0 | D45: 1215蓝锌 | E45: 0 | F45: pcs | G45: =E45+I45-I46 -> 0 | H45: 入库 | I45: =SUM(J45:AO45) -> 1700 | R45: 1700
H46: 出库 | I46: =SUM(J46:AO46) -> 1700 | R46: 1500 | S46: 200
A47: 7 | B47: 密实螺套 | C47: M6*1.0-L12-M8*1.0-OD9.0 | D47: SUS303 | E47: 60 | F47: pcs | G47: =E47+I47-I48 -> 60 | H47: 入库 | I47: =SUM(J47:AO47) -> 0
H48: 出库 | I48: =SUM(J48:AO48) -> 0
A49: 8 | B49: 密实螺套 | C49: M5*0.8-L7.6-M7*0.8 | D49: SUS303 | E49: 0 | F49: pcs | G49: =E49+I49-I50 -> 0 | H49: 入库 | I49: =SUM(J49:AO49) -> 0
H50: 出库 | I50: =SUM(J50:AO50) -> 0
A51: 9 | B51: 密实螺套 | C51: M7*1.0-L10-M9*1.0 | D51: SUS303 | E51: 1094 | F51: pcs | G51: =E51+I51-I52 -> 1094 | H51: 入库 | I51: =SUM(J51:AO51) -> 0
H52: 出库 | I52: =SUM(J52:AO52) -> 0
A53: 10 | B53: 密实螺套 | C53: M8*1.0-L11.7-M10*1.0-OD12.0 | D53: SUS303 | E53: 2438 | F53: pcs | G53: =E53+I53-I54 -> 2428 | H53: 入库 | I53: =SUM(J53:AO53) -> 0
H54: 出库 | I54: =SUM(J54:AO54) -> 10 | AK54: 10
A55: 11 | B55: 密实螺套 | C55: M8*1.0-L12.7-M10*1.0-OD12.0 | D55: SUS303 | E55: 417 | F55: pcs | G55: =E55+I55-I56 -> 417 | H55: 入库 | I55: =SUM(J55:AO55) -> 0
H56: 出库 | I56: =SUM(J56:AO56) -> 0
A57: 12 | B57: 密实螺套 | C57: M8*1.25-L11.7-M10*1.25-OD12.0 | D57: SUS303 | E57: 265 | F57: pcs | G57: =E57+I57-I58 -> 230 | H57: 入库 | I57: =SUM(J57:AO57) -> 4965 | AG57: 2765 | AI57: 2200
H58: 出库 | I58: =SUM(J58:AO58) -> 5000 | AI58: 5000
A59: 12 | B59: 密实螺套 | C59: M8*1.25-L16.2-M10*1.25-OD12.0 | D59: SUS303 | E59: 95 | F59: pcs | G59: =E59+I59-I60 -> 95 | H59: 入库 | I59: =SUM(J59:AO59) -> 0
H60: 出库 | I60: =SUM(J60:AO60) -> 0
A61: 12 | B61: 密实螺套 | C61: M8*1.25-L11.7-M10*1.25-OD12.0 | D61: 1215蓝锌 | E61: 45 | F61: pcs | G61: =E61+I61-I62 -> 265 | H61: 入库 | I61: =SUM(J61:AO61) -> 5220 | O61: 5220
H62: 出库 | I62: =SUM(J62:AO62) -> 5000 | O62: 5000
A63: 13 | B63: 密实螺套 | C63: M10*1.0-L17-M12*1.0 | D63: SUS303 | E63: 380 | F63: pcs | G63: =E63+I63-I64 -> 380 | H63: 入库 | I63: =SUM(J63:AO63) -> 0
H64: 出库 | I64: =SUM(J64:AO64) -> 0
A65: 14 | B65: 密实螺套 | C65: M10*1.25-L17-M12*1.25 | D65: SUS303 | E65: 510 | F65: pcs | G65: =E65+I65-I66 -> 510 | H65: 入库 | I65: =SUM(J65:AO65) -> 0
H66: 出库 | I66: =SUM(J66:AO66) -> 0
A67: 15 | B67: 密实螺套 | C67: M10*1.25-L14-M12*1.25-OD14.0 | D67: SUS303 | E67: 0 | F67: pcs | G67: =E67+I67-I68 -> 0 | H67: 入库 | I67: =SUM(J67:AO67) -> 0
H68: 出库 | I68: =SUM(J68:AO68) -> 0
A69: 16 | B69: 密实螺套 | C69: M10*1.0-L12.7-M12*1.0-OD14.0 | D69: SUS303 | E69: 0 | F69: pcs | G69: =E69+I69-I70 -> 0 | H69: 入库 | I69: =SUM(J69:AO69) -> 0
H70: 出库 | I70: =SUM(J70:AO70) -> 0
A71: 17 | B71: 密实螺套 | C71: M10*1.5-L14-M12*1.5-OD14.0 | D71: SUS303 | E71: 135 | F71: pcs | G71: =E71+I71-I72 -> 350 | H71: 入库 | I71: =SUM(J71:AO71) -> 5215 | AG71: 2820 | AI71: 2395
H72: 出库 | I72: =SUM(J72:AO72) -> 5000 | AI72: 5000
A73: 18 | B73: 密实螺套 | C73: M11*2.0-L16.2-M13*2.0-OD15.0 | D73: SUS303 | E73: 1978 | F73: pcs | G73: =E73+I73-I74 -> 1978 | H73: 入库 | I73: =SUM(J73:AO73) -> 0
H74: 出库 | I74: =SUM(J74:AO74) -> 0
A75: 19 | B75: 密实螺套 | C75: M11*2.0-L28.2-M13*2.0-OD15 | D75: SUS303 | E75: 596 | F75: pcs | G75: =E75+I75-I76 -> 596 | H75: 入库 | I75: =SUM(J75:AO75) -> 0
H76: 出库 | I76: =SUM(J76:AO76) -> 0
A77: 20 | B77: 密实螺套 | C77: M11*1.5-L30-M13*1.5-OD15 | D77: SUS303 | E77: 277 | F77: pcs | G77: =E77+I77-I78 -> 277 | H77: 入库 | I77: =SUM(J77:AO77) -> 0
H78: 出库 | I78: =SUM(J78:AO78) -> 0
A79: 21 | B79: 密实螺套 | C79: M11*1.25-L28.2-M13*1.25-OD15 | D79: SUS303 | E79: 25 | F79: pcs | G79: =E79+I79-I80 -> 75 | H79: 入库 | I79: =SUM(J79:AO79) -> 2050 | AE79: 1720 | AF79: 330
H80: 出库 | I80: =SUM(J80:AO80) -> 2000 | AF80: 2000
A81: 22 | B81: 密实螺套 | C81: M12*1.25-L15-M14*1.25 | D81: SUS303 | E81: 1960 | F81: pcs | G81: =E81+I81-I82 -> 1960 | H81: 入库 | I81: =SUM(J81:AO81) -> 0
H82: 出库 | I82: =SUM(J82:AO82) -> 0
A83: 23 | B83: 密实螺套 | C83: M12*1.5-L9.2-M14*1.5 | D83: SUS303 | E83: 1685 | F83: pcs | G83: =E83+I83-I84 -> 1685 | H83: 入库 | I83: =SUM(J83:AO83) -> 0
H84: 出库 | I84: =SUM(J84:AO84) -> 0
A85: 24 | B85: 密实螺套 | C85: M12*1.75-L12-M14*1.75-OD16 | D85: SUS303 | E85: 1047 | F85: pcs | G85: =E85+I85-I86 -> 1047 | H85: 入库 | I85: =SUM(J85:AO85) -> 0
H86: 出库 | I86: =SUM(J86:AO86) -> 0
A87: 25 | B87: 密实螺套 | C87: M12*1.75-L16.2-M14*1.75 | D87: SUS303 | E87: 1235 | F87: pcs | G87: =E87+I87-I88 -> 50 | H87: 入库 | I87: =SUM(J87:AO87) -> 815 | AB87: 815
H88: 出库 | I88: =SUM(J88:AO88) -> 2000 | AB88: 2000
A89: 26 | B89: 密实螺套 | C89: M14*1.25-L9.4-M16*1.25-OD18 | D89: SUS303 | E89: 310 | F89: pcs | G89: =E89+I89-I90 -> 310 | H89: 入库 | I89: =SUM(J89:AO89) -> 0
H90: 出库 | I90: =SUM(J90:AO90) -> 0
A91: 26 | B91: 密实螺套 | C91: M14*1.25-L15-M16*1.25-OD18 | D91: SUS303 | E91: 0 | F91: pcs | G91: =E91+I91-I92 -> 0 | H91: 入库 | I91: =SUM(J91:AO91) -> 0
H92: 出库 | I92: =SUM(J92:AO92) -> 0
A93: 27 | B93: 密实螺套 | C93: M14*1.5-L9.4-M16*1.5-OD18 | D93: SUS303 | E93: 905 | F93: pcs | G93: =E93+I93-I94 -> 905 | H93: 入库 | I93: =SUM(J93:AO93) -> 0
H94: 出库 | I94: =SUM(J94:AO94) -> 0
A95: 28 | B95: 密实螺套 | C95: M14*1.5-L17.8-M16*1.5 | D95: SUS303 | E95: 137 | F95: pcs | G95: =E95+I95-I96 -> 137 | H95: 入库 | I95: =SUM(J95:AO95) -> 0
H96: 出库 | I96: =SUM(J96:AO96) -> 0
A97: 29 | B97: 密实螺套 | C97: M14*1.5-L19.8-M16*1.5-OD18 | D97: SUS303 | E97: 18 | F97: pcs | G97: =E97+I97-I98 -> 18 | H97: 入库 | I97: =SUM(J97:AO97) -> 0
H98: 出库 | I98: =SUM(J98:AO98) -> 0
A99: 30 | B99: 密实螺套 | C99: 7/16-14-L15.24-ST7/16-14 | D99: SUS303 | E99: 1302 | F99: pcs | G99: =E99+I99-I100 -> 1302 | H99: 入库 | I99: =SUM(J99:AO99) -> 0
H100: 出库 | I100: =SUM(J100:AO100) -> 0
...

Sheet 201型（内外牙一字槽） 
A1: 201型（内外牙一字槽）库存明细
A2: 日期 | B2: ='302槽型'!B2 -> 46023 | D2: 本月入库统计 | H2: 每日入库统计 | J2: =SUMIF($H:$H,#REF!,J:J) -> 0 | K2: =SUMIF($H:$H,#REF!,K:K) -> 0 | L2: =SUMIF($H:$H,#REF!,L:L) -> 0 | M2: =SUMIF($H:$H,#REF!,M:M) -> 0 | N2: =SUMIF($H:$H,#REF!,N:N) -> 0 | O2: =SUMIF($H:$H,#REF!,O:O) -> 0 | P2: =SUMIF($H:$H,#REF!,P:P) -> 0 | Q2: =SUMIF($H:$H,#REF!,Q:Q) -> 0 | R2: =SUMIF($H:$H,#REF!,R:R) -> 0 | S2: =SUMIF($H:$H,#REF!,S:S) -> 0 | T2: =SUMIF($H:$H,#REF!,T:T) -> 0 | U2: =SUMIF($H:$H,#REF!,U:U) -> 0 | V2: =SUMIF($H:$H,#REF!,V:V) -> 0 | W2: =SUMIF($H:$H,#REF!,W:W) -> 0 | X2: =SUMIF($H:$H,#REF!,X:X) -> 0 | Y2: =SUMIF($H:$H,#REF!,Y:Y) -> 0
D3: 本月出库统计 | H3: 每日出库统计 | J3: =SUMIF($H:$H,#REF!,J:J) -> 0 | K3: =SUMIF($H:$H,#REF!,K:K) -> 0 | L3: =SUMIF($H:$H,#REF!,L:L) -> 0 | M3: =SUMIF($H:$H,#REF!,M:M) -> 0 | N3: =SUMIF($H:$H,#REF!,N:N) -> 0 | O3: =SUMIF($H:$H,#REF!,O:O) -> 0 | P3: =SUMIF($H:$H,#REF!,P:P) -> 0 | Q3: =SUMIF($H:$H,#REF!,Q:Q) -> 0 | R3: =SUMIF($H:$H,#REF!,R:R) -> 0 | S3: =SUMIF($H:$H,#REF!,S:S) -> 0 | T3: =SUMIF($H:$H,#REF!,T:T) -> 0 | U3: =SUMIF($H:$H,#REF!,U:U) -> 0 | V3: =SUMIF($H:$H,#REF!,V:V) -> 0 | W3: =SUMIF($H:$H,#REF!,W:W) -> 0 | X3: =SUMIF($H:$H,#REF!,X:X) -> 0 | Y3: =SUMIF($H:$H,#REF!,Y:Y) -> 0
A4: 序号 | B4: 类别 | C4: 规格 | D4: 材质 | E4: 上月结存 | F4: 单位 | G4: 现库存 | H4: 入/出库 | I4: 汇总 | J4: ='302槽型'!J4 -> 46023 | K4: ='302槽型'!K4 -> 46024 | L4: ='302槽型'!L4 -> 46025 | M4: ='302槽型'!M4 -> 46026 | N4: ='302槽型'!N4 -> 46027 | O4: ='302槽型'!O4 -> 46028 | P4: ='302槽型'!P4 -> 46029 | Q4: ='302槽型'!Q4 -> 46030 | ... AN4: ='302槽型'!AN4 -> 46053
A5: 1 | B5: 201型 | C5: M2*0.4-L4-M4*0.7 | D5: SUS303 | E5: 1919 | F5: pcs | G5: =E5+I5-I6 -> 914 | H5: 入库 | I5: =SUM(J5:AO5) -> 0
H6: 出库 | I6: =SUM(J6:AO6) -> 1005 | L6: 1000 | AD6: 5
A7: 2 | B7: 201型 | C7: M2*0.4-L6-M4*0.7 | D7: SUS303 | E7: 345 | F7: pcs | G7: =E7+I7-I8 -> 85 | H7: 入库 | I7: =SUM(J7:AO7) -> 300 | U7: 300
H8: 出库 | I8: =SUM(J8:AO8) -> 560 | U8: 500 | V8: 20 | AB8: 40
A9: 3 | B9: 201型 | C9: M2*0.4-L6-M5*0.8 | D9: SUS303 | E9: 170 | F9: pcs | G9: =E9+I9-I10 -> 170 | H9: 入库 | I9: =SUM(J9:AO9) -> 0
H10: 出库 | I10: =SUM(J10:AO10) -> 0
A11: 4 | B11: 201型 | C11: M2*0.4-L8-M5*0.8 | D11: SUS303 | E11: 4834 | F11: pcs | G11: =E11+I11-I12 -> 4784 | H11: 入库 | I11: =SUM(J11:AO11) -> 0
H12: 出库 | I12: =SUM(J12:AO12) -> 50 | N12: 20 | U12: 30
A13: 5 | B13: 201型 | C13: M2.5*0.45-L4-M4*0.7 | D13: SUS303 | E13: 860 | F13: pcs | G13: =E13+I13-I14 -> 338 | H13: 入库 | I13: =SUM(J13:AO13) -> 0
H14: 出库 | I14: =SUM(J14:AO14) -> 522 | N14: 500 | V14: 22
A15: 6 | B15: 201型 | C15: M2.5*0.45-L4.5-M4*0.7 | D15: SUS303 | E15: 2000 | F15: pcs | G15: =E15+I15-I16 -> 2000 | H15: 入库 | I15: =SUM(J15:AO15) -> 0
H16: 出库 | I16: =SUM(J16:AO16) -> 0
A17: 7 | B17: 201型 | C17: M2.5*0.45-L5-M4*0.7 | D17: SUS303 | E17: 589 | F17: pcs | G17: =E17+I17-I18 -> 589 | H17: 入库 | I17: =SUM(J17:AO17) -> 0
H18: 出库 | I18: =SUM(J18:AO18) -> 0
A19: 8 | B19: 201型 | C19: M2.5*0.45-L6-M4*0.7 | D19: SUS303 | E19: 140 | F19: pcs | G19: =E19+I19-I20 -> 125 | H19: 入库 | I19: =SUM(J19:AO19) -> 0
H20: 出库 | I20: =SUM(J20:AO20) -> 15 | V20: 15
A21: 9 | B21: 201型 | C21: M2.5*0.45-L8-M4*0.7 | D21: SUS303 | E21: 795 | F21: pcs | G21: =E21+I21-I22 -> 695 | H21: 入库 | I21: =SUM(J21:AO21) -> 0
H22: 出库 | I22: =SUM(J22:AO22) -> 100 | U22: 20 | AI22: 80
A23: 10 | B23: 201型 | C23: M3*0.5-L8-M4.5*0.5 | D23: SUS303 | E23: 75 | F23: pcs | G23: =E23+I23-I24 -> 75 | H23: 入库 | I23: =SUM(J23:AO23) -> 0
H24: 出库 | I24: =SUM(J24:AO24) -> 0
A25: 11 | B25: 201型 | C25: M3*0.5-L2.5-M5*0.8 | D25: SUS303 | E25: 360 | F25: pcs | G25: =E25+I25-I26 -> 360 | H25: 入库 | I25: =SUM(J25:AO25) -> 0
H26: 出库 | I26: =SUM(J26:AO26) -> 0
A27: 12 | B27: 201型 | C27: M3*0.5-L4-M5*0.8 | D27: SUS303 | E27: 10173 | F27: pcs | G27: =E27+I27-I28 -> 6353 | H27: 入库 | I27: =SUM(J27:AO27) -> 200 | AI27: 200
H28: 出库 | I28: =SUM(J28:AO28) -> 4020 | Y28: 20 | AA28: 2000 | AF28: 2000
A29: 13 | B29: 201型 | C29: M3*0.5-L5-M5*0.8 | D29: SUS303 | E29: 30095 | F29: pcs | G29: =E29+I29-I30 -> 29965 | H29: 入库 | I29: =SUM(J29:AO29) -> 0
H30: 出库 | I30: =SUM(J30:AO30) -> 130 | N30: 40 | U30: 80 | AI30: 10
A31: 14 | B31: 201型 | C31: M3*0.5-L6-M5*0.8 | D31: SUS303 | E31: 5737 | F31: pcs | G31: =E31+I31-I32 -> 5647 | H31: 入库 | I31: =SUM(J31:AO31) -> 5000 | AI31: 5000
H32: 出库 | I32: =SUM(J32:AO32) -> 5090 | Y32: 20 | AB32: 30 | AG32: 5000 | AI32: 40
A33: 15 | B33: 201型 | C33: M3*0.5-L8-M5*0.8 | D33: SUS303 | E33: 7760 | F33: pcs | G33: =E33+I33-I34 -> 7360 | H33: 入库 | I33: =SUM(J33:AO33) -> 0
H34: 出库 | I34: =SUM(J34:AO34) -> 400 | N34: 140 | U34: 260
A35: 16 | B35: 201型 | C35: M3*0.5-L10-M5*0.8 | D35: SUS303 | E35: 33295 | F35: pcs | G35: =E35+I35-I36 -> 32895 | H35: 入库 | I35: =SUM(J35:AO35) -> 0
H36: 出库 | I36: =SUM(J36:AO36) -> 400 | P36: 100 | Y36: 100 | AB36: 100 | AC36: 100
A37: 17 | B37: 201型 | C37: M3*0.5-L12-M5*0.8 | D37: SUS303 | E37: 4947 | F37: pcs | G37: =E37+I37-I38 -> 3507 | H37: 入库 | I37: =SUM(J37:AO37) -> 0
H38: 出库 | I38: =SUM(J38:AO38) -> 1440 | AF38: 1440
A39: 18 | B39: 201型 | C39: M3*0.5-L5-M6*1.0 | D39: SUS303 | E39: 8710 | F39: pcs | G39: =E39+I39-I40 -> 8710 | H39: 入库 | I39: =SUM(J39:AO39) -> 0
H40: 出库 | I40: =SUM(J40:AO40) -> 0
A41: 19 | B41: 201型 | C41: M3*0.5-L6-M6*1.0 | D41: SUS303 | E41: 1540 | F41: pcs | G41: =E41+I41-I42 -> 1335 | H41: 入库 | I41: =SUM(J41:AO41) -> 0
H42: 出库 | I42: =SUM(J42:AO42) -> 205 | Y42: 200 | AD42: 5
A43: 20 | B43: 201型 | C43: M3*0.5-L8-M6*1.0 | D43: SUS303 | E43: 258 | F43: pcs | G43: =E43+I43-I44 -> 3548 | H43: 入库 | I43: =SUM(J43:AO43) -> 7000 | L43: 2000 | AB43: 5000
H44: 出库 | I44: =SUM(J44:AO44) -> 3710 | L44: 300 | N44: 60 | V44: 50 | AB44: 2700 | AI44: 600
A45: 21 | B45: 201型 | C45: M3*0.5-L10-M6*1.0 | D45: SUS303 | E45: 581 | F45: pcs | G45: =E45+I45-I46 -> 7541 | H45: 入库 | I45: =SUM(J45:AO45) -> 8000 | Q45: 8000
H46: 出库 | I46: =SUM(J46:AO46) -> 1040 | N46: 40 | Q46: 1000
A47: 22 | B47: 201型 | C47: M3*0.5-L12-M6*1.0 | D47: SUS303 | E47: 4222 | F47: pcs | G47: =E47+I47-I48 -> 4022 | H47: 入库 | I47: =SUM(J47:AO47) -> 0
H48: 出库 | I48: =SUM(J48:AO48) -> 200 | Y48: 200
A49: 23 | B49: 201型 | C49: M3*0.5-L5-M8*1.25 | D49: SUS303 | E49: 23 | F49: pcs | G49: =E49+I49-I50 -> 23 | H49: 入库 | I49: =SUM(J49:AO49) -> 0
H50: 出库 | I50: =SUM(J50:AO50) -> 0
A51: 24 | B51: 201型 | C51: M4*0.7-L5-M5*0.7 | D51: SUS303 | E51: 245 | F51: pcs | G51: =E51+I51-I52 -> 245 | H51: 入库 | I51: =SUM(J51:AO51) -> 0
H52: 出库 | I52: =SUM(J52:AO52) -> 0
A53: 25 | B53: 201型 | C53: M4*0.7-L3.6-M6*1.0 | D53: 1215 | E53: 50 | F53: pcs | G53: =E53+I53-I54 -> 50 | H53: 入库 | I53: =SUM(J53:AO53) -> 0
H54: 出库 | I54: =SUM(J54:AO54) -> 0
A55: 25 | B55: 201型 | C55: M4*0.7-L4-M6*1.0 | D55: SUS303 | E55: 55 | F55: pcs | G55: =E55+I55-I56 -> 8325 | H55: 入库 | I55: =SUM(J55:AO55) -> 18795 | P55: 1000 | AB55: 5805 | AI55: 11990
H56: 出库 | I56: =SUM(J56:AO56) -> 10525 | N56: 5 | P56: 140 | U56: 80 | X56: 500 | AB56: 1100 | AC56: 500 | AI56: 8200
A57: 25 | B57: 201型 | C57: M4*0.7-L4-M6*1.0 | D57: C3604 | E57: 0 | F57: pcs | G57: =E57+I57-I58 -> 100 | H57: 入库 | I57: =SUM(J57:AO57) -> 1115 | AB57: 1115
H58: 出库 | I58: =SUM(J58:AO58) -> 1015 | AB58: 1015
A59: 26 | B59: 201型 | C59: M4*0.7-L5-M6*1.0 | D59: SUS303 | E59: 25979 | F59: pcs | G59: =E59+I59-I60 -> 25762 | H59: 入库 | I59: =SUM(J59:AO59) -> 0
H60: 出库 | I60: =SUM(J60:AO60) -> 217 | R60: 200 | Y60: 17
A61: 27 | B61: 201型 | C61: M4*0.7-L6-M6*1.0 | D61: SUS303 | E61: 27298 | F61: pcs | G61: =E61+I61-I62 -> 12858 | H61: 入库 | I61: =SUM(J61:AO61) -> 0
H62: 出库 | I62: =SUM(J62:AO62) -> 14440 | Q62: 300 | U62: 30 | Y62: 4000 | AA62: 4700 | AB62: 80 | AC62: 300 | AI62: =30+2000 -> 2030 | AJ62: 3000
A63: 28 | B63: 201型 | C63: M4*0.7-L6-M6*1.0 | D63: 316材质 | E63: 34630 | F63: pcs | G63: =E63+I63-I64 -> 34630 | H63: 入库 | I63: =SUM(J63:AO63) -> 0
H64: 出库 | I64: =SUM(J64:AO64) -> 0
A65: 29 | B65: 201型 | C65: M4*0.7-L7-M6*1.0 | D65: SUS303 | E65: 20315 | F65: pcs | G65: =E65+I65-I66 -> 20315 | H65: 入库 | I65: =SUM(J65:AO65) -> 0
H66: 出库 | I66: =SUM(J66:AO66) -> 0
A67: 30 | B67: 201型 | C67: M4*0.7-L8-M6*1.0 | D67: SUS303 | E67: 26874 | F67: pcs | G67: =E67+I67-I68 -> 25869 | H67: 入库 | I67: =SUM(J67:AO67) -> 0
H68: 出库 | I68: =SUM(J68:AO68) -> 1005 | U68: 600 | AD68: 5 | AL68: 400
A69: 31 | B69: 201H型 | C69: M4*0.7-L8-M6*1.0-OD7*1.5 | D69: 304材质 | E69: 33 | F69: pcs | G69: =E69+I69-I70 -> 33 | H69: 入库 | I69: =SUM(J69:AO69) -> 0
H70: 出库 | I70: =SUM(J70:AO70) -> 0
A71: 32 | B71: 201型 | C71: M4*0.7-L9.5-M6*1.0 | D71: SUS303 | E71: 740 | F71: pcs | G71: =E71+I71-I72 -> 700 | H71: 入库 | I71: =SUM(J71:AO71) -> 0
H72: 出库 | I72: =SUM(J72:AO72) -> 40 | U72: 40
A73: 33 | B73: 201型 | C73: M4*0.7-L10-M6*1.0 | D73: SUS303 | E73: 41068 | F73: pcs | G73: =E73+I73-I74 -> 34929 | H73: 入库 | I73: =SUM(J73:AO73) -> 0
H74: 出库 | I74: =SUM(J74:AO74) -> 6139 | O74: 50 | P74: 115 | R74: 4 | U74: 60 | W74: 100 | X74: 450 | Y74: 100 | Z74: 300 | AA74: 4700 | AB74: 160 | AC74: 100
A75: 34 | B75: 201型 | C75: M4*0.7-L12-M6*1.0 | D75: SUS303 | E75: 21857 | F75: pcs | G75: =E75+I75-I76 -> 20117 | H75: 入库 | I75: =SUM(J75:AO75) -> 0
H76: 出库 | I76: =SUM(J76:AO76) -> 1740 | Y76: 200 | AF76: 1440 | AI76: 100
A77: 35 | B77: 201型 | C77: M4*0.7-L15-M6*1.0 | D77: SUS303 | E77: 397 | F77: pcs | G77: =E77+I77-I78 -> 307 | H77: 入库 | I77: =SUM(J77:AO77) -> 0
H78: 出库 | I78: =SUM(J78:AO78) -> 90 | N78: 40 | AB78: 50
A79: 36 | B79: 201型 | C79: M4*0.7-L5-M8*1.25 | D79: SUS303 | E79: 2837 | F79: pcs | G79: =E79+I79-I80 -> 2837 | H79: 入库 | I79: =SUM(J79:AO79) -> 0
H80: 出库 | I80: =SUM(J80:AO80) -> 0
A81: 37 | B81: 201型 | C81: M4*0.7-L6-M8*1.25 | D81: SUS303 | E81: 580 | F81: pcs | G81: =E81+I81-I82 -> 295 | H81: 入库 | I81: =SUM(J81:AO81) -> 0
H82: 出库 | I82: =SUM(J82:AO82) -> 285 | N82: 40 | U82: 20 | Y82: 200 | AB82: 10 | AI82: 15
A83: 38 | B83: 201型 | C83: M4*0.7-L7-M8*1.25 | D83: SUS303 | E83: 24437 | F83: pcs | G83: =E83+I83-I84 -> 24437 | H83: 入库 | I83: =SUM(J83:AO83) -> 0
H84: 出库 | I84: =SUM(J84:AO84) -> 0
A85: 39 | B85: 201型 | C85: M4*0.7-L8-M8*1.25 | D85: SUS303 | E85: 38859 | F85: pcs | G85: =E85+I85-I86 -> 37789 | H85: 入库 | I85: =SUM(J85:AO85) -> 0
H86: 出库 | I86: =SUM(J86:AO86) -> 1070 | N86: 80 | P86: 50 | U86: 40 | AC86: 500 | AF86: 400
A87: 40 | B87: 201型 | C87: M4*0.7-L10-M8*1.25 | D87: SUS303 | E87: 18626 | F87: pcs | G87: =E87+I87-I88 -> 18526 | H87: 入库 | I87: =SUM(J87:AO87) -> 0
H88: 出库 | I88: =SUM(J88:AO88) -> 100 | AA88: 100
A89: 41 | B89: 201型 | C89: M4*0.7-L12-M8*1.25 | D89: SUS303 | E89: 1017 | F89: pcs | G89: =E89+I89-I90 -> 777 | H89: 入库 | I89: =SUM(J89:AO89) -> 0
H90: 出库 | I90: =SUM(J90:AO90) -> 240 | Y90: 200 | AB90: 40
A91: 42 | B91: 201型 | C91: M4*0.7-L15-M8*1.25 | D91: SUS303 | E91: 25 | F91: pcs | G91: =E91+I91-I92 -> 1005 | H91: 入库 | I91: =SUM(J91:AO91) -> 1000 | AE91: 1000
H92: 出库 | I92: =SUM(J92:AO92) -> 20 | Y92: 20
A93: 43 | B93: 201盲孔型 | C93: M4*0.7-L9.5-M8*1.25 | D93: SUS303 | E93: 23 | F93: pcs | G93: =E93+I93-I94 -> 23 | H93: 入库 | I93: =SUM(J93:AO93) -> 0
H94: 出库 | I94: =SUM(J94:AO94) -> 0
A95: 44 | B95: 201盲孔型 | C95: M4*0.7-L12-M8*1.25 | D95: SUS303 | E95: 27 | F95: pcs | G95: =E95+I95-I96 -> 27 | H95: 入库 | I95: =SUM(J95:AO95) -> 0
H96: 出库 | I96: =SUM(J96:AO96) -> 0
A97: 45 | B97: 201型 | C97: M4*0.7-L5-M10*1.5 | D97: SUS303 | E97: 500 | F97: pcs | G97: =E97+I97-I98 -> 500 | H97: 入库 | I97: =SUM(J97:AO97) -> 0
H98: 出库 | I98: =SUM(J98:AO98) -> 0
A99: 46 | B99: 201型 | C99: M4*0.7-L6-M10*1.5 | D99: SUS303 | E99: 565 | F99: pcs | G99: =E99+I99-I100 -> 565 | H99: 入库 | I99: =SUM(J99:AO99) -> 0
H100: 出库 | I100: =SUM(J100:AO100) -> 0
...

Sheet 201-45#发黑系列
A1: 201-45#发黑内外牙螺套库存明细
A2: 日期 | B2: ='302槽型'!B2 -> 46023 | D2: 本月入库统计 | H2: 每日入库统计 | J2: =SUMIF($H:$H,$H$5,J:J) -> 0 | K2: =SUMIF($H:$H,$H$5,K:K) -> 0 | L2: =SUMIF($H:$H,$H$5,L:L) -> 0 | M2: =SUMIF($H:$H,$H$5,M:M) -> 0 | N2: =SUMIF($H:$H,$H$5,N:N) -> 0 | O2: =SUMIF($H:$H,$H$5,O:O) -> 0 | P2: =SUMIF($H:$H,$H$5,P:P) -> 0 | Q2: =SUMIF($H:$H,$H$5,Q:Q) -> 0 | R2: =SUMIF($H:$H,$H$5,R:R) -> 0 | S2: =SUMIF($H:$H,$H$5,S:S) -> 0 | T2: =SUMIF($H:$H,$H$5,T:T) -> 0 | U2: =SUMIF($H:$H,$H$5,U:U) -> 0 | V2: =SUMIF($H:$H,$H$5,V:V) -> 0 | W2: =SUMIF($H:$H,$H$5,W:W) -> 0 | X2: =SUMIF($H:$H,$H$5,X:X) -> 0 | Y2: =SUMIF($H:$H,$H$5,Y:Y) -> 0 | Z2: =SUMIF($H:$H,$H$5,Z:Z) -> 0 | AA2: =SUMIF($H:$H,$H$5,AA:AA) -> 0 | AB2: =SUMIF($H:$H,$H$5,AB:AB) -> 5550 | AC2: =SUMIF($H:$H,$H$5,AC:AC) -> 0 | AD2: =SUMIF($H:$H,$H$5,AD:AD) -> 0 | AE2: =SUMIF($H:$H,$H$5,AE:AE) -> 0 | AF2: =SUMIF($H:$H,$H$5,AF:AF) -> 0 | AG2: =SUMIF($H:$H,$H$5,AG:AG) -> 0 | AH2: =SUMIF($H:$H,$H$5,AH:AH) -> 0 | AI2: =SUMIF($H:$H,$H$5,AI:AI) -> 0 | AJ2: =SUMIF($H:$H,$H$5,AJ:AJ) -> 0 | AK2: =SUMIF($H:$H,$H$5,AK:AK) -> 0 | AL2: =SUMIF($H:$H,$H$5,AL:AL) -> 0 | AM2: =SUMIF($H:$H,$H$5,AM:AM) -> 0 | AN2: =SUMIF($H:$H,$H$5,AN:AN) -> 0
D3: 本月出库统计 | H3: 每日出库统计 | J3: =SUMIF($H:$H,$H$6,J:J) -> 0 | K3: =SUMIF($H:$H,$H$6,K:K) -> 0 | L3: =SUMIF($H:$H,$H$6,L:L) -> 0 | M3: =SUMIF($H:$H,$H$6,M:M) -> 0 | N3: =SUMIF($H:$H,$H$6,N:N) -> 0 | O3: =SUMIF($H:$H,$H$6,O:O) -> 0 | P3: =SUMIF($H:$H,$H$6,P:P) -> 0 | Q3: =SUMIF($H:$H,$H$6,Q:Q) -> 0 | R3: =SUMIF($H:$H,$H$6,R:R) -> 0 | S3: =SUMIF($H:$H,$H$6,S:S) -> 0 | T3: =SUMIF($H:$H,$H$6,T:T) -> 0 | U3: =SUMIF($H:$H,$H$6,U:U) -> 0 | V3: =SUMIF($H:$H,$H$6,V:V) -> 0 | W3: =SUMIF($H:$H,$H$6,W:W) -> 0 | X3: =SUMIF($H:$H,$H$6,X:X) -> 0 | Y3: =SUMIF($H:$H,$H$6,Y:Y) -> 0 | Z3: =SUMIF($H:$H,$H$6,Z:Z) -> 0 | AA3: =SUMIF($H:$H,$H$6,AA:AA) -> 0 | AB3: =SUMIF($H:$H,$H$6,AB:AB) -> 0 | AC3: =SUMIF($H:$H,$H$6,AC:AC) -> 0 | AD3: =SUMIF($H:$H,$H$6,AD:AD) -> 0 | AE3: =SUMIF($H:$H,$H$6,AE:AE) -> 0 | AF3: =SUMIF($H:$H,$H$6,AF:AF) -> 0 | AG3: =SUMIF($H:$H,$H$6,AG:AG) -> 0 | AH3: =SUMIF($H:$H,$H$6,AH:AH) -> 0 | AI3: =SUMIF($H:$H,$H$6,AI:AI) -> 0 | AJ3: =SUMIF($H:$H,$H$6,AJ:AJ) -> 0 | AK3: =SUMIF($H:$H,$H$6,AK:AK) -> 0 | AL3: =SUMIF($H:$H,$H$6,AL:AL) -> 0 | AM3: =SUMIF($H:$H,$H$6,AM:AM) -> 0 | AN3: =SUMIF($H:$H,$H$6,AN:AN) -> 0
A4: 序号 | B4: 类别 | C4: 规格 | D4: 材质 | E4: 上月结存 | F4: 单位 | G4: 现货 | H4: 入/出库 | I4: 汇总 | J4: ='302槽型'!J4 -> 46023 | K4: ='302槽型'!K4 -> 46024 | L4: ='302槽型'!L4 -> 46025 | M4: ='302槽型'!M4 -> 46026 | N4: ='302槽型'!N4 -> 46027 | O4: ='302槽型'!O4 -> 46028 | P4: ='302槽型'!P4 -> 46029 | Q4: ='302槽型'!Q4 -> 46030 | ... AN4: ='302槽型'!AN4 -> 46053
A5: 1 | B5: 201型 | C5: M6*1.0-L12-M10*1.5 | D5: 45#发黑 | E5: 9190 | F5: pcs | G5: =E5+I5-I6 -> 14740 | H5: 入库 | I5: =SUM(J5:AO5) -> 5550 | AB5: 5550
H6: 出库 | I6: =SUM(J6:AO6) -> 0
A7: 2 | B7: 201型 | C7: M6*1.0-L15-M10*1.5 | D7: 45#发黑 | E7: 12505 | F7: pcs | G7: =E7+I7-I8 -> 12505 | H7: 入库 | I7: =SUM(J7:AO7) -> 0
H8: 出库 | I8: =SUM(J8:AO8) -> 0
A9: 3 | B9: 201型 | C9: M6*1.0-L20-M10*1.5 | D9: 45#发黑 | E9: 6660 | F9: pcs | G9: =E9+I9-I10 -> 6660 | H9: 入库 | I9: =SUM(J9:AO9) -> 0
H10: 出库 | I10: =SUM(J10:AO10) -> 0
A11: 4 | B11: 201型 | C11: M6*1.0-L15-M12*1.75 | D11: 45＃发黑 | E11: 11093 | F11: pcs | G11: =E11+I11-I12 -> 11093 | H11: 入库 | I11: =SUM(J11:AO11) -> 0
H12: 出库 | I12: =SUM(J12:AO12) -> 0
A13: 5 | B13: 201型 | C13: M8*1.25-L10-M12*1.75 | D13: 45#发黑 | E13: 3200 | F13: pcs | G13: =E13+I13-I14 -> 3200 | H13: 入库 | I13: =SUM(J13:AO13) -> 0
H14: 出库 | I14: =SUM(J14:AO14) -> 0
A15: 6 | B15: 201型 | C15: M8*1.25-L12-M12*1.75 | D15: 45#发黑 | E15: 2840 | F15: pcs | G15: =E15+I15-I16 -> 2840 | H15: 入库 | I15: =SUM(J15:AO15) -> 0
H16: 出库 | I16: =SUM(J16:AO16) -> 0
A17: 7 | B17: 201型 | C17: M8*1.25-L15-M12*1.75 | D17: 45#发黑 | E17: 6515 | F17: pcs | G17: =E17+I17-I18 -> 6515 | H17: 入库 | I17: =SUM(J17:AO17) -> 0
H18: 出库 | I18: =SUM(J18:AO18) -> 0
A19: 7 | B19: 201型 | C19: M8*1.25-L20-M12*1.75 | D19: 45#发黑 | E19: 5140 | F19: pcs | G19: =E19+I19-I20 -> 5140 | H19: 入库 | I19: =SUM(J19:AO19) -> 0
H20: 出库 | I20: =SUM(J20:AO20) -> 0
A21: 7 | B21: 201型 | C21: M8*1.25-L25-M12*1.75 | D21: 45#发黑 | E21: 5235 | F21: pcs | G21: =E21+I21-I22 -> 5235 | H21: 入库 | I21: =SUM(J21:AO21) -> 0
H22: 出库 | I22: =SUM(J22:AO22) -> 0
A23: 8 | B23: 201型 | C23: M10*1.5-L18-M14*2.0 | D23: 45#发黑 | E23: 4265 | F23: pcs | G23: =E23+I23-I24 -> 4265 | H23: 入库 | I23: =SUM(J23:AO23) -> 0
H24: 出库 | I24: =SUM(J24:AO24) -> 0
A25: 9 | B25: 201型 | C25: M10*1.5-L20-M14*2.0 | D25: 45#发黑 | E25: 6640 | F25: pcs | G25: =E25+I25-I26 -> 6640 | H25: 入库 | I25: =SUM(J25:AO25) -> 0
H26: 出库 | I26: =SUM(J26:AO26) -> 0
A27: 10 | B27: 201型 | C27: M10*1.5-L25-M14*2.0 | D27: 45#发黑 | E27: 4890 | F27: pcs | G27: =E27+I27-I28 -> 4890 | H27: 入库 | I27: =SUM(J27:AO27) -> 0
H28: 出库 | I28: =SUM(J28:AO28) -> 0
A29: 11 | B29: 201型 | C29: M12*1.75-L15-M16*2.0 | D29: 45#发黑 | E29: 1350 | F29: pcs | G29: =E29+I29-I30 -> 1350 | H29: 入库 | I29: =SUM(J29:AO29) -> 0
H30: 出库 | I30: =SUM(J30:AO30) -> 0
A31: 12 | B31: 201型 | C31: M12*1.75-L16-M16*2.0 | D31: 45#发黑 | E31: 2140 | F31: pcs | G31: =E31+I31-I32 -> 2140 | H31: 入库 | I31: =SUM(J31:AO31) -> 0
H32: 出库 | I32: =SUM(J32:AO32) -> 0
A33: 13 | B33: 201型 | C33: M12*1.75-L20-M16*2.0 | D33: 45#发黑 | E33: 2320 | F33: pcs | G33: =E33+I33-I34 -> 2320 | H33: 入库 | I33: =SUM(J33:AO33) -> 0
H34: 出库 | I34: =SUM(J34:AO34) -> 0
A35: 14 | B35: 201型 | C35: M12*1.75-L25-M16*2.0 | D35: 45#发黑 | E35: 2600 | F35: pcs | G35: =E35+I35-I36 -> 2600 | H35: 入库 | I35: =SUM(J35:AO35) -> 0
H36: 出库 | I36: =SUM(J36:AO36) -> 0
A37: 15 | B37: 201型 | C37: M16*2.0-L35-M24*3.0 | D37: 45＃发黑 | E37: 485 | F37: pcs | G37: =E37+I37-I38 -> 485 | H37: 入库 | I37: =SUM(J37:AO37) -> 0
H38: 出库 | I38: =SUM(J38:AO38) -> 0
A39: 16 | B39: 201型 | C39: M16*2.0-L40-M24*3.0 | D39: 45#发黑 | E39: 1030 | F39: pcs | G39: =E39+I39-I40 -> 1030 | H39: 入库 | I39: =SUM(J39:AO39) -> 0
H40: 出库 | I40: =SUM(J40:AO40) -> 0
A41: 17 | E41: 0 | F41: pcs | G41: =E41+I41-I42 -> 0 | H41: 入库 | I41: =SUM(J41:AO41) -> 0
H42: 出库 | I42: =SUM(J42:AO42) -> 0
A43: 18 | E43: 0 | F43: pcs | G43: =E43+I43-I44 -> 0 | H43: 入库 | I43: =SUM(J43:AO43) -> 0
H44: 出库 | I44: =SUM(J44:AO44) -> 0
A45: 19 | E45: 0 | F45: pcs | G45: =E45+I45-I46 -> 0 | H45: 入库 | I45: =SUM(J45:AO45) -> 0
H46: 出库 | I46: =SUM(J46:AO46) -> 0
A47: 20 | E47: 0 | F47: pcs | G47: =E47+I47-I48 -> 0 | H47: 入库 | I47: =SUM(J47:AO47) -> 0
H48: 出库 | I48: =SUM(J48:AO48) -> 0
A49: 21 | E49: 0 | F49: pcs | G49: =E49+I49-I50 -> 0 | H49: 入库 | I49: =SUM(J49:AO49) -> 0
H50: 出库 | I50: =SUM(J50:AO50) -> 0
A51: 22 | E51: 0 | F51: pcs | G51: =E51+I51-I52 -> 0 | H51: 入库 | I51: =SUM(J51:AO51) -> 0
H52: 出库 | I52: =SUM(J52:AO52) -> 0
A53: 23 | E53: 0 | F53: pcs | G53: =E53+I53-I54 -> 0 | H53: 入库 | I53: =SUM(J53:AO53) -> 0
H54: 出库 | I54: =SUM(J54:AO54) -> 0
A55: 24 | E55: 0 | F55: pcs | G55: =E55+I55-I56 -> 0 | H55: 入库 | I55: =SUM(J55:AO55) -> 0
H56: 出库 | I56: =SUM(J56:AO56) -> 0
A57: 25 | E57: 0 | F57: pcs | G57: =E57+I57-I58 -> 0 | H57: 入库 | I57: =SUM(J57:AO57) -> 0
H58: 出库 | I58: =SUM(J58:AO58) -> 0
A59: 26 | E59: 0 | F59: pcs | G59: =E59+I59-I60 -> 0 | H59: 入库 | I59: =SUM(J59:AO59) -> 0
H60: 出库 | I60: =SUM(J60:AO60) -> 0
A61: 27 | E61: 0 | F61: pcs | G61: =E61+I61-I62 -> 0 | H61: 入库 | I61: =SUM(J61:AO61) -> 0
H62: 出库 | I62: =SUM(J62:AO62) -> 0
A63: 28 | E63: 0 | F63: pcs | G63: =E63+I63-I64 -> 0 | H63: 入库 | I63: =SUM(J63:AO63) -> 0
H64: 出库 | I64: =SUM(J64:AO64) -> 0
A65: 29 | E65: 0 | F65: pcs | G65: =E65+I65-I66 -> 0 | H65: 入库 | I65: =SUM(J65:AO65) -> 0
H66: 出库 | I66: =SUM(J66:AO66) -> 0
A67: 30 | E67: 0 | F67: pcs | G67: =E67+I67-I68 -> 0 | H67: 入库 | I67: =SUM(J67:AO67) -> 0
H68: 出库 | I68: =SUM(J68:AO68) -> 0
A69: 31 | E69: 0 | F69: pcs | G69: =E69+I69-I70 -> 0 | H69: 入库 | I69: =SUM(J69:AO69) -> 0
H70: 出库 | I70: =SUM(J70:AO70) -> 0
A71: 32 | E71: 0 | F71: pcs | G71: =E71+I71-I72 -> 0 | H71: 入库 | I71: =SUM(J71:AO71) -> 0
H72: 出库 | I72: =SUM(J72:AO72) -> 0
A73: 33 | E73: 0 | F73: pcs | G73: =E73+I73-I74 -> 0 | H73: 入库 | I73: =SUM(J73:AO73) -> 0
H74: 出库 | I74: =SUM(J74:AO74) -> 0
A75: 34 | E75: 0 | F75: pcs | G75: =E75+I75-I76 -> 0 | H75: 入库 | I75: =SUM(J75:AO75) -> 0
H76: 出库 | I76: =SUM(J76:AO76) -> 0
A77: 35 | E77: 0 | F77: pcs | G77: =E77+I77-I78 -> 0 | H77: 入库 | I77: =SUM(J77:AO77) -> 0
H78: 出库 | I78: =SUM(J78:AO78) -> 0
A79: 36 | E79: 0 | F79: pcs | G79: =E79+I79-I80 -> 0 | H79: 入库 | I79: =SUM(J79:AO79) -> 0
H80: 出库 | I80: =SUM(J80:AO80) -> 0
A81: 37 | E81: 0 | F81: pcs | G81: =E81+I81-I82 -> 0 | H81: 入库 | I81: =SUM(J81:AO81) -> 0
H82: 出库 | I82: =SUM(J82:AO82) -> 0
A83: 38 | E83: 0 | F83: pcs | G83: =E83+I83-I84 -> 0 | H83: 入库 | I83: =SUM(J83:AO83) -> 0
H84: 出库 | I84: =SUM(J84:AO84) -> 0
A85: 39 | E85: 0 | F85: pcs | G85: =E85+I85-I86 -> 0 | H85: 入库 | I85: =SUM(J85:AO85) -> 0
H86: 出库 | I86: =SUM(J86:AO86) -> 0
A87: 40 | E87: 0 | F87: pcs | G87: =E87+I87-I88 -> 0 | H87: 入库 | I87: =SUM(J87:AO87) -> 0
H88: 出库 | I88: =SUM(J88:AO88) -> 0
A89: 41 | E89: 0 | F89: pcs | G89: =E89+I89-I90 -> 0 | H89: 入库 | I89: =SUM(J89:AO89) -> 0
H90: 出库 | I90: =SUM(J90:AO90) -> 0
A91: 42 | E91: 0 | F91: pcs | G91: =E91+I91-I92 -> 0 | H91: 入库 | I91: =SUM(J91:AO91) -> 0
H92: 出库 | I92: =SUM(J92:AO92) -> 0
A93: 43 | E93: 0 | F93: pcs | G93: =E93+I93-I94 -> 0 | H93: 入库 | I93: =SUM(J93:AO93) -> 0
H94: 出库 | I94: =SUM(J94:AO94) -> 0
A95: 44 | E95: 0 | F95: pcs | G95: =E95+I95-I96 -> 0 | H95: 入库 | I95: =SUM(J95:AO95) -> 0
H96: 出库 | I96: =SUM(J96:AO96) -> 0
A97: 45 | E97: 0 | F97: pcs | G97: =E97+I97-I98 -> 0 | H97: 入库 | I97: =SUM(J97:AO97) -> 0
H98: 出库 | I98: =SUM(J98:AO98) -> 0
A99: 46 | E99: 0 | F99: pcs | G99: =E99+I99-I100 -> 0 | H99: 入库 | I99: =SUM(J99:AO99) -> 0
H100: 出库 | I100: =SUM(J100:AO100) -> 0
...

Sheet 200型（内外牙）
A1: 200型B,H型（内外牙）库存明细
A2: 日期 | B2: ='302槽型'!B2 -> 46023 | D2: 本月入库统计 | H2: 每日入库统计 | J2: =SUMIF($H:$H,#REF!,J:J) -> 0 | K2: =SUMIF($H:$H,#REF!,K:K) -> 0 | L2: =SUMIF($H:$H,#REF!,L:L) -> 0 | M2: =SUMIF($H:$H,#REF!,M:M) -> 0 | N2: =SUMIF($H:$H,#REF!,N:N) -> 0 | O2: =SUMIF($H:$H,#REF!,O:O) -> 0 | P2: =SUMIF($H:$H,#REF!,P:P) -> 0 | Q2: =SUMIF($H:$H,#REF!,Q:Q) -> 0 | R2: =SUMIF($H:$H,#REF!,R:R) -> 0 | S2: =SUMIF($H:$H,#REF!,S:S) -> 0 | T2: =SUMIF($H:$H,#REF!,T:T) -> 0 | U2: =SUMIF($H:$H,#REF!,U:U) -> 0 | V2: =SUMIF($H:$H,#REF!,V:V) -> 0 | W2: =SUMIF($H:$H,#REF!,W:W) -> 0 | X2: =SUMIF($H:$H,#REF!,X:X) -> 0 | Y2: =SUMIF($H:$H,#REF!,Y:Y) -> 0
D3: 本月出库统计 | H3: 每日出库统计 | J3: =SUMIF($H:$H,#REF!,J:J) -> 0 | K3: =SUMIF($H:$H,#REF!,K:K) -> 0 | L3: =SUMIF($H:$H,#REF!,L:L) -> 0 | M3: =SUMIF($H:$H,#REF!,M:M) -> 0 | N3: =SUMIF($H:$H,#REF!,N:N) -> 0 | O3: =SUMIF($H:$H,#REF!,O:O) -> 0 | P3: =SUMIF($H:$H,#REF!,P:P) -> 0 | Q3: =SUMIF($H:$H,#REF!,Q:Q) -> 0 | R3: =SUMIF($H:$H,#REF!,R:R) -> 0 | S3: =SUMIF($H:$H,#REF!,S:S) -> 0 | T3: =SUMIF($H:$H,#REF!,T:T) -> 0 | U3: =SUMIF($H:$H,#REF!,U:U) -> 0 | V3: =SUMIF($H:$H,#REF!,V:V) -> 0 | W3: =SUMIF($H:$H,#REF!,W:W) -> 0 | X3: =SUMIF($H:$H,#REF!,X:X) -> 0 | Y3: =SUMIF($H:$H,#REF!,Y:Y) -> 0
A4: 序号 | B4: 类别 | C4: 规格 | D4: 材质 | E4: 上月结存 | F4: 单位 | G4: 现库存 | H4: 入/出库 | I4: 汇总 | J4: ='302槽型'!J4 -> 46023 | K4: ='302槽型'!K4 -> 46024 | L4: ='302槽型'!L4 -> 46025 | M4: ='302槽型'!M4 -> 46026 | N4: ='302槽型'!N4 -> 46027 | O4: ='302槽型'!O4 -> 46028 | P4: ='302槽型'!P4 -> 46029 | Q4: ='302槽型'!Q4 -> 46030 | ... AN4: ='302槽型'!AN4 -> 46053
A5: 1 | B5: 200型 | C5: M2*0.4-L2.5-M3*0.5 | D5: SUS303 | E5: 27200 | F5: pcs | G5: =E5+I5-I6 -> 27200 | H5: 入库 | I5: =SUM(J5:AO5) -> 0
H6: 出库 | I6: =SUM(J6:AO6) -> 0
A7: 2 | B7: 200型 | C7: M2*0.4-L4-M3*0.5 | D7: SUS303 | E7: 40480 | F7: pcs | G7: =E7+I7-I8 -> 40440 | H7: 入库 | I7: =SUM(J7:AO7) -> 0
H8: 出库 | I8: =SUM(J8:AO8) -> 40 | AB8: 20 | AI8: 20
A9: 3 | B9: 200型 | C9: M2*0.4-L6-M3*0.5 | D9: SUS303 | E9: 205 | F9: pcs | G9: =E9+I9-I10 -> 205 | H9: 入库 | I9: =SUM(J9:AO9) -> 0
H10: 出库 | I10: =SUM(J10:AO10) -> 0
A11: 4 | B11: 200型 | C11: M2*0.4-L4-M4*0.7 | D11: 304材质 | E11: 90 | F11: pcs | G11: =E11+I11-I12 -> 90 | H11: 入库 | I11: =SUM(J11:AO11) -> 0
H12: 出库 | I12: =SUM(J12:AO12) -> 0
A13: 5 | B13: 200型 | C13: M2*0.4-L6-M4*0.7 | D13: SUS303 | E13: 520 | F13: pcs | G13: =E13+I13-I14 -> 520 | H13: 入库 | I13: =SUM(J13:AO13) -> 0
H14: 出库 | I14: =SUM(J14:AO14) -> 0
A15: 6 | B15: 200型 | C15: M2.5*0.45-L6.5-M3.5*0.45 | D15: SUS303 | E15: 52145 | F15: pcs | G15: =E15+I15-I16 -> 52145 | H15: 入库 | I15: =SUM(J15:AO15) -> 0
H16: 出库 | I16: =SUM(J16:AO16) -> 0
A17: 7 | B17: 200型 | C17: M3*0.5-L5-M4.5*0.75 | D17: SUS303 | E17: 30 | F17: pcs | G17: =E17+I17-I18 -> 30 | H17: 入库 | I17: =SUM(J17:AO17) -> 0
H18: 出库 | I18: =SUM(J18:AO18) -> 0
A19: 8 | B19: 200型 | C19: M3*0.5-L3-M5*0.5 | D19: SUS303 | E19: 7554 | F19: pcs | G19: =E19+I19-I20 -> 7554 | H19: 入库 | I19: =SUM(J19:AO19) -> 0
H20: 出库 | I20: =SUM(J20:AO20) -> 0
A21: 9 | B21: 200型 | C21: M3*0.5-L5-M5*0.8 | D21: SUS303 | E21: 925 | F21: pcs | G21: =E21+I21-I22 -> 925 | H21: 入库 | I21: =SUM(J21:AO21) -> 0
H22: 出库 | I22: =SUM(J22:AO22) -> 0
A23: 10 | B23: 200型 | C23: M3*0.5-L5-M5*0.8(涂胶) | D23: SUS303 | E23: 0 | F23: pcs | G23: =E23+I23-I24 -> 0 | H23: 入库 | I23: =SUM(J23:AO23) -> 0
H24: 出库 | I24: =SUM(J24:AO24) -> 0
A25: 11 | B25: 200型 | C25: M3*0.5-L6-M5*0.8 | D25: 304材质 | E25: 3095 | F25: pcs | G25: =E25+I25-I26 -> 3095 | H25: 入库 | I25: =SUM(J25:AO25) -> 0
H26: 出库 | I26: =SUM(J26:AO26) -> 0
A27: 12 | B27: 200型 | C27: M3*0.5-L6-M5*0.8 | D27: SUS303 | E27: 490 | F27: pcs | G27: =E27+I27-I28 -> 490 | H27: 入库 | I27: =SUM(J27:AO27) -> 0
H28: 出库 | I28: =SUM(J28:AO28) -> 0
A29: 13 | B29: 200型 | C29: M3*0.5-L8-M5*0.8 | D29: SUS303 | E29: 9615 | F29: pcs | G29: =E29+I29-I30 -> 9615 | H29: 入库 | I29: =SUM(J29:AO29) -> 0
H30: 出库 | I30: =SUM(J30:AO30) -> 0
A31: 14 | B31: 200型 | C31: M3*0.5-L10-M5*0.8 | D31: SUS303 | E31: 27190 | F31: pcs | G31: =E31+I31-I32 -> 27190 | H31: 入库 | I31: =SUM(J31:AO31) -> 0
H32: 出库 | I32: =SUM(J32:AO32) -> 0
A33: 15 | B33: 200型 | C33: M3*0.5-L12-M5*0.8 | D33: SUS303 | E33: 1235 | F33: pcs | G33: =E33+I33-I34 -> 1235 | H33: 入库 | I33: =SUM(J33:AO33) -> 0
H34: 出库 | I34: =SUM(J34:AO34) -> 0
A35: 16 | B35: 200型 | C35: M4*0.7-L3-M6.5*0.75 | D35: SUS303 | E35: 965 | F35: pcs | G35: =E35+I35-I36 -> 965 | H35: 入库 | I35: =SUM(J35:AO35) -> 0
H36: 出库 | I36: =SUM(J36:AO36) -> 0
A37: 17 | B37: 200型 | C37: M4*0.7-L4-M6*1.0 | D37: SUS303 | E37: 14875 | F37: pcs | G37: =E37+I37-I38 -> 14875 | H37: 入库 | I37: =SUM(J37:AO37) -> 0
H38: 出库 | I38: =SUM(J38:AO38) -> 0
A39: 18 | B39: 200型 | C39: M4*0.7-L4-M6*1.0 | D39: 304材质 | E39: 115 | F39: pcs | G39: =E39+I39-I40 -> 115 | H39: 入库 | I39: =SUM(J39:AO39) -> 0
H40: 出库 | I40: =SUM(J40:AO40) -> 0
A41: 18 | B41: 200型 | C41: M4*0.7-L4.5-M6*1.0 | D41: 304材质 | E41: 90 | F41: pcs | G41: =E41+I41-I42 -> 90 | H41: 入库 | I41: =SUM(J41:AO41) -> 0
H42: 出库 | I42: =SUM(J42:AO42) -> 0
A43: 19 | B43: 200型 | C43: M4*0.7-L5-M6*1.0 | D43: 304材质 | E43: 1900 | F43: pcs | G43: =E43+I43-I44 -> 1900 | H43: 入库 | I43: =SUM(J43:AO43) -> 0
H44: 出库 | I44: =SUM(J44:AO44) -> 0
A45: 20 | B45: 200型 | C45: M4*0.7-L6-M6*1.0 | D45: 304材质 | E45: 355 | F45: pcs | G45: =E45+I45-I46 -> 355 | H45: 入库 | I45: =SUM(J45:AO45) -> 0
H46: 出库 | I46: =SUM(J46:AO46) -> 0
A47: 21 | B47: 200型 | C47: M4*0.7-L6-M6*1.0 | D47: SUS303 | E47: 585 | F47: pcs | G47: =E47+I47-I48 -> 585 | H47: 入库 | I47: =SUM(J47:AO47) -> 0
H48: 出库 | I48: =SUM(J48:AO48) -> 0
A49: 22 | B49: 200型 | C49: M4*0.7-L8-M6*1.0 | D49: SUS303 | E49: 6730 | F49: pcs | G49: =E49+I49-I50 -> 6730 | H49: 入库 | I49: =SUM(J49:AO49) -> 0
H50: 出库 | I50: =SUM(J50:AO50) -> 0
A51: 23 | B51: 200型 | C51: M4*0.7-L12-M6*1.0 | D51: SUS303 | E51: 350 | F51: pcs | G51: =E51+I51-I52 -> 350 | H51: 入库 | I51: =SUM(J51:AO51) -> 0
H52: 出库 | I52: =SUM(J52:AO52) -> 0
A53: 24 | B53: 200型 | C53: M4*0.7-L10-M8*1.0 | D53: SUS303 | E53: 4330 | F53: pcs | G53: =E53+I53-I54 -> 4330 | H53: 入库 | I53: =SUM(J53:AO53) -> 0
H54: 出库 | I54: =SUM(J54:AO54) -> 0
A55: 25 | B55: 200型 | C55: M4*0.7-L12-M8*1.25 | D55: SUS303 | E55: 420 | F55: pcs | G55: =E55+I55-I56 -> 420 | H55: 入库 | I55: =SUM(J55:AO55) -> 0
H56: 出库 | I56: =SUM(J56:AO56) -> 0
A57: 26 | B57: 200型 | C57: M5*0.8-L8-M7*1.0 | D57: SUS303 | E57: 35 | F57: pcs | G57: =E57+I57-I58 -> 35 | H57: 入库 | I57: =SUM(J57:AO57) -> 0
H58: 出库 | I58: =SUM(J58:AO58) -> 0
A59: 27 | B59: 200型 | C59: M5*0.8-L9-M7*1.0 | D59: SUS303 | E59: 5625 | F59: pcs | G59: =E59+I59-I60 -> 25 | H59: 入库 | I59: =SUM(J59:AO59) -> 0
H60: 出库 | I60: =SUM(J60:AO60) -> 5600 | K60: 300 | N60: 300 | V60: 1000 | AJ60: 4000
A61: 28 | B61: 200型 | C61: M5*0.8-L9-M7*1.0 | D61: 304材质 | E61: 1390 | F61: pcs | G61: =E61+I61-I62 -> 1390 | H61: 入库 | I61: =SUM(J61:AO61) -> 0
H62: 出库 | I62: =SUM(J62:AO62) -> 0
A63: 29 | B63: 200型 | C63: M5*0.8-L8-M8*1.0 | D63: SUS303 | E63: 1195 | F63: pcs | G63: =E63+I63-I64 -> 1195 | H63: 入库 | I63: =SUM(J63:AO63) -> 0
H64: 出库 | I64: =SUM(J64:AO64) -> 0
A65: 30 | B65: 200型 | C65: M5*0.8-L4-M8*1.25 | D65: 304材质 | E65: 311 | F65: pcs | G65: =E65+I65-I66 -> 311 | H65: 入库 | I65: =SUM(J65:AO65) -> 0
H66: 出库 | I66: =SUM(J66:AO66) -> 0
A67: 31 | B67: 200型 | C67: M5*0.8-L6-M8*1.25 | D67: SUS303 | E67: 930 | F67: pcs | G67: =E67+I67-I68 -> 930 | H67: 入库 | I67: =SUM(J67:AO67) -> 0
H68: 出库 | I68: =SUM(J68:AO68) -> 0
A69: 32 | B69: 200型 | C69: M5*0.8-L8-M8*1.25 | D69: SUS303 | E69: 11615 | F69: pcs | G69: =E69+I69-I70 -> 11615 | H69: 入库 | I69: =SUM(J69:AO69) -> 0
H70: 出库 | I70: =SUM(J70:AO70) -> 0
A71: 33 | B71: 200型 | C71: M5*0.8-L20-M8*1.25 | D71: SUS303 | E71: 369 | F71: pcs | G71: =E71+I71-I72 -> 369 | H71: 入库 | I71: =SUM(J71:AO71) -> 0
H72: 出库 | I72: =SUM(J72:AO72) -> 0
A73: 34 | B73: 200型 | C73: M6*1.0-L10-M8*1.25 | D73: SUS303 | E73: 16 | F73: pcs | G73: =E73+I73-I74 -> 16 | H73: 入库 | I73: =SUM(J73:AO73) -> 0
H74: 出库 | I74: =SUM(J74:AO74) -> 0
A75: 35 | B75: 200型 | C75: M6*1.0-L10-M8*1.25 | D75: 304材质 | E75: 59 | F75: pcs | G75: =E75+I75-I76 -> 59 | H75: 入库 | I75: =SUM(J75:AO75) -> 0
H76: 出库 | I76: =SUM(J76:AO76) -> 0
A77: 36 | B77: 200型 | C77: M6*1.0-L13-M8*1.25 | D77: SUS303 | E77: 140 | F77: pcs | G77: =E77+I77-I78 -> 140 | H77: 入库 | I77: =SUM(J77:AO77) -> 0
H78: 出库 | I78: =SUM(J78:AO78) -> 0
A79: 36 | B79: 200型 | C79: M6*1.0-L14-M8*1.25 | D79: SUS303 | E79: 40 | F79: pcs | G79: =E79+I79-I80 -> 40 | H79: 入库 | I79: =SUM(J79:AO79) -> 0
H80: 出库 | I80: =SUM(J80:AO80) -> 0
A81: 36 | B81: 200型 | C81: M6*1.0-L15-M8*1.25 | D81: SUS303 | E81: 785 | F81: pcs | G81: =E81+I81-I82 -> 785 | H81: 入库 | I81: =SUM(J81:AO81) -> 0
H82: 出库 | I82: =SUM(J82:AO82) -> 0
A83: 36 | B83: 200型 | C83: M6*1.0-L15-M8*1.25 | D83: 316F | E83: 0 | F83: pcs | G83: =E83+I83-I84 -> 80 | H83: 入库 | I83: =SUM(J83:AO83) -> 2080 | S83: 2080
H84: 出库 | I84: =SUM(J84:AO84) -> 2000 | U84: 2000
A85: 37 | B85: 200型 | C85: M6*1.0-L7-M10*1.5 | D85: SUS303 | E85: 415 | F85: pcs | G85: =E85+I85-I86 -> 415 | H85: 入库 | I85: =SUM(J85:AO85) -> 0
H86: 出库 | I86: =SUM(J86:AO86) -> 0
A87: 38 | B87: 200型 | C87: M6*1.0-L7.5-M10*1.5 | D87: SUS303 | E87: 1530 | F87: pcs | G87: =E87+I87-I88 -> 1530 | H87: 入库 | I87: =SUM(J87:AO87) -> 0
H88: 出库 | I88: =SUM(J88:AO88) -> 0
A89: 39 | B89: 200型 | C89: M6*1.0-L8-M10*1.5 | D89: SUS303 | E89: 185 | F89: pcs | G89: =E89+I89-I90 -> 185 | H89: 入库 | I89: =SUM(J89:AO89) -> 0
H90: 出库 | I90: =SUM(J90:AO90) -> 0
A91: 40 | B91: 200型 | C91: M6*1.0-L10-M10*1.5 | D91: SUS303 | E91: 760 | F91: pcs | G91: =E91+I91-I92 -> 760 | H91: 入库 | I91: =SUM(J91:AO91) -> 0
H92: 出库 | I92: =SUM(J92:AO92) -> 0
A93: 41 | B93: 200型 | C93: M6*1.0-L14-M10*1.5 | D93: SUS303 | E93: 18 | F93: pcs | G93: =E93+I93-I94 -> 18 | H93: 入库 | I93: =SUM(J93:AO93) -> 0
H94: 出库 | I94: =SUM(J94:AO94) -> 0
A95: 42 | B95: 200型 | C95: M6*1.0-L14-M10*1.5 | D95: 304材质 | E95: 126 | F95: pcs | G95: =E95+I95-I96 -> 126 | H95: 入库 | I95: =SUM(J95:AO95) -> 0
H96: 出库 | I96: =SUM(J96:AO96) -> 0
A97: 43 | B97: 200型 | C97: M6*1.0-L20-M10*1.5 | D97: SUS303 | E97: 30 | F97: pcs | G97: =E97+I97-I98 -> 30 | H97: 入库 | I97: =SUM(J97:AO97) -> 0
H98: 出库 | I98: =SUM(J98:AO98) -> 0
A99: 43 | B99: 200型 | C99: M6*1.0-L30-M10*1.5 | D99: 45#发黑 | E99: 110 | F99: pcs | G99: =E99+I99-I100 -> 110 | H99: 入库 | I99: =SUM(J99:AO99) -> 0
H100: 出库 | I100: =SUM(J100:AO100) -> 0
...

Sheet 200H B 型 
A1: 200型B,H型（内外牙）库存明细
A2: 日期 | B2: ='302槽型'!B2 -> 46023 | D2: 本月入库统计 | H2: 每日入库统计 | J2: =SUMIF($H:$H,#REF!,J:J) -> 0 | K2: =SUMIF($H:$H,#REF!,K:K) -> 0 | L2: =SUMIF($H:$H,#REF!,L:L) -> 0 | M2: =SUMIF($H:$H,#REF!,M:M) -> 0 | N2: =SUMIF($H:$H,#REF!,N:N) -> 0 | O2: =SUMIF($H:$H,#REF!,O:O) -> 0 | P2: =SUMIF($H:$H,#REF!,P:P) -> 0 | Q2: =SUMIF($H:$H,#REF!,Q:Q) -> 0 | R2: =SUMIF($H:$H,#REF!,R:R) -> 0 | S2: =SUMIF($H:$H,#REF!,S:S) -> 0 | T2: =SUMIF($H:$H,#REF!,T:T) -> 0 | U2: =SUMIF($H:$H,#REF!,U:U) -> 0 | V2: =SUMIF($H:$H,#REF!,V:V) -> 0 | W2: =SUMIF($H:$H,#REF!,W:W) -> 0 | X2: =SUMIF($H:$H,#REF!,X:X) -> 0 | Y2: =SUMIF($H:$H,#REF!,Y:Y) -> 0
D3: 本月出库统计 | H3: 每日出库统计 | J3: =SUMIF($H:$H,#REF!,J:J) -> 0 | K3: =SUMIF($H:$H,#REF!,K:K) -> 0 | L3: =SUMIF($H:$H,#REF!,L:L) -> 0 | M3: =SUMIF($H:$H,#REF!,M:M) -> 0 | N3: =SUMIF($H:$H,#REF!,N:N) -> 0 | O3: =SUMIF($H:$H,#REF!,O:O) -> 0 | P3: =SUMIF($H:$H,#REF!,P:P) -> 0 | Q3: =SUMIF($H:$H,#REF!,Q:Q) -> 0 | R3: =SUMIF($H:$H,#REF!,R:R) -> 0 | S3: =SUMIF($H:$H,#REF!,S:S) -> 0 | T3: =SUMIF($H:$H,#REF!,T:T) -> 0 | U3: =SUMIF($H:$H,#REF!,U:U) -> 0 | V3: =SUMIF($H:$H,#REF!,V:V) -> 0 | W3: =SUMIF($H:$H,#REF!,W:W) -> 0 | X3: =SUMIF($H:$H,#REF!,X:X) -> 0 | Y3: =SUMIF($H:$H,#REF!,Y:Y) -> 0
A4: 序号 | B4: 类别 | C4: 规格 | D4: 材质 | E4: 上月结存 | F4: 单位 | G4: 现库存 | H4: 入/出库 | I4: 汇总 | J4: ='302槽型'!J4 -> 46023 | K4: ='302槽型'!K4 -> 46024 | L4: ='302槽型'!L4 -> 46025 | M4: ='302槽型'!M4 -> 46026 | N4: ='302槽型'!N4 -> 46027 | O4: ='302槽型'!O4 -> 46028 | P4: ='302槽型'!P4 -> 46029 | Q4: ='302槽型'!Q4 -> 46030 | ... AN4: ='302槽型'!AN4 -> 46053
A5: 1 | B5: 200B型 | C5: M3*0.5-L5-M5*0.8 | D5: SUS303 | E5: 840 | F5: pcs | G5: =E5+I5-I6 -> 840 | H5: 入库 | I5: =SUM(J5:AO5) -> 0
H6: 出库 | I6: =SUM(J6:AO6) -> 0
A7: 2 | B7: 200B型 | C7: M8*1.25-L9-M12*1.5 | D7: SUS303 | E7: 5792 | F7: pcs | G7: =E7+I7-I8 -> 5792 | H7: 入库 | I7: =SUM(J7:AO7) -> 0
H8: 出库 | I8: =SUM(J8:AO8) -> 0
A9: 3 | B9: 200B型 | C9: M8*1.25-L17-M12*1.5 | D9: SUS303 | E9: 3227 | F9: pcs | G9: =E9+I9-I10 -> 3227 | H9: 入库 | I9: =SUM(J9:AO9) -> 0
H10: 出库 | I10: =SUM(J10:AO10) -> 0
A11: 3 | B11: 200B型 | C11: M8*1.25-L22-M14*1.5 | D11: SUS303 | E11: 20 | F11: pcs | G11: =E11+I11-I12 -> 20 | H11: 入库 | I11: =SUM(J11:AO11) -> 0
H12: 出库 | I12: =SUM(J12:AO12) -> 0
A13: 4 | B13: 200B型 | C13: M10*1.5-L9-M14*1.5 | D13: SUS303 | E13: 801 | F13: pcs | G13: =E13+I13-I14 -> 801 | H13: 入库 | I13: =SUM(J13:AO13) -> 0
H14: 出库 | I14: =SUM(J14:AO14) -> 0
A15: 5 | B15: 200B型 | C15: M10*1.5-L15-M14*1.5 | D15: SUS303 | E15: 127 | F15: pcs | G15: =E15+I15-I16 -> 137 | H15: 入库 | I15: =SUM(J15:AO15) -> 3010 | AK15: 3010
H16: 出库 | I16: =SUM(J16:AO16) -> 3000 | AK16: 3000
A17: 6 | B17: 200B型 | C17: M10*1.5-L26-M14*2.0 | D17: SUS303 | E17: 30 | F17: pcs | G17: =E17+I17-I18 -> 30 | H17: 入库 | I17: =SUM(J17:AO17) -> 0
H18: 出库 | I18: =SUM(J18:AO18) -> 0
A19: 7 | B19: 200B型 | C19: M10*1.5-L33-M14*2.0 | D19: SUS303 | E19: 80 | F19: pcs | G19: =E19+I19-I20 -> 80 | H19: 入库 | I19: =SUM(J19:AO19) -> 0
H20: 出库 | I20: =SUM(J20:AO20) -> 0
A21: 7 | B21: 200B型 | C21: M10*1.5-L22-M16*1.5 | D21: SUS303 | E21: 80 | F21: pcs | G21: =E21+I21-I22 -> 80 | H21: 入库 | I21: =SUM(J21:AO21) -> 0
H22: 出库 | I22: =SUM(J22:AO22) -> 0
A23: 8 | B23: 200B型 | C23: M12*1.25-L30-M16*1.5 | D23: SUS303 | E23: 60 | F23: pcs | G23: =E23+I23-I24 -> 60 | H23: 入库 | I23: =SUM(J23:AO23) -> 0
H24: 出库 | I24: =SUM(J24:AO24) -> 0
A25: 9 | B25: 200H型 | C25: M2.5*0.45-L11-M5*0.8-OD7*0.5 | D25: SUS303 | E25: 485 | F25: pcs | G25: =E25+I25-I26 -> 485 | H25: 入库 | I25: =SUM(J25:AO25) -> 0
H26: 出库 | I26: =SUM(J26:AO26) -> 0
A27: 10 | B27: 200HM型 | C27: 外牙M3.*0.5-L3.5-OD4.5（内六角） | D27: SUS303 | E27: 80 | F27: pcs | G27: =E27+I27-I28 -> 80 | H27: 入库 | I27: =SUM(J27:AO27) -> 0
H28: 出库 | I28: =SUM(J28:AO28) -> 0
A29: 11 | B29: 200H型 | C29: M3*0.5-L3-M5*0.8-OD6*0.5 | D29: SUS303 | E29: 765 | F29: pcs | G29: =E29+I29-I30 -> 765 | H29: 入库 | I29: =SUM(J29:AO29) -> 0
H30: 出库 | I30: =SUM(J30:AO30) -> 0
A31: 12 | B31: 200H型 | C31: M3*0.5-L4-M5*0.8-OD7*1.0 | D31: SUS303 | E31: 7027 | F31: pcs | G31: =E31+I31-I32 -> 5017 | H31: 入库 | I31: =SUM(J31:AO31) -> 0
H32: 出库 | I32: =SUM(J32:AO32) -> 2010 | P32: 10 | AG32: 2000
A33: 13 | B33: 200H型 | C33: M3*0.5-L6-M5*0.8-OD7*1.0 | D33: SUS303 | E33: 10761 | F33: pcs | G33: =E33+I33-I34 -> 10756 | H33: 入库 | I33: =SUM(J33:AO33) -> 0
H34: 出库 | I34: =SUM(J34:AO34) -> 5 | N34: 5
A35: 14 | B35: 200H型 | C35: M3*0.5-L8-M5*0.8-OD7*1.0 | D35: SUS303 | E35: 1116 | F35: pcs | G35: =E35+I35-I36 -> 1005 | H35: 入库 | I35: =SUM(J35:AO35) -> 0
H36: 出库 | I36: =SUM(J36:AO36) -> 111 | V36: 100 | AB36: 8 | AJ36: 3
A37: 15 | B37: 200H型 | C37: M3*0.5-L10-M5*0.8-OD7*1.0 | D37: SUS303 | E37: 7242 | F37: pcs | G37: =E37+I37-I38 -> 3192 | H37: 入库 | I37: =SUM(J37:AO37) -> 0
H38: 出库 | I38: =SUM(J38:AO38) -> 4050 | V38: 50 | AG38: 2000 | AJ38: 2000
A39: 16 | B39: 200H型 | C39: M4*0.7-L4-M6*1.0-OD7*0.5 | D39: SUS303 | E39: 515 | F39: pcs | G39: =E39+I39-I40 -> 515 | H39: 入库 | I39: =SUM(J39:AO39) -> 0
H40: 出库 | I40: =SUM(J40:AO40) -> 0
A41: 17 | B41: 200H型 | C41: M4*0.7-L6-M6*1.0-OD9*1.0 | D41: SUS303 | E41: 28185 | F41: pcs | G41: =E41+I41-I42 -> 28041 | H41: 入库 | I41: =SUM(J41:AO41) -> 0
H42: 出库 | I42: =SUM(J42:AO42) -> 144 | N42: 142 | O42: 2
A43: 18 | B43: 200H型 | C43: M4*0.7-L8-M6*1.0-OD7*0.8 | D43: SUS303 | E43: 477 | F43: pcs | G43: =E43+I43-I44 -> 477 | H43: 入库 | I43: =SUM(J43:AO43) -> 0
H44: 出库 | I44: =SUM(J44:AO44) -> 0
A45: 19 | B45: 200H型 | C45: M4*0.7-L8-M6*1.0-OD9*1.0 | D45: SUS303 | E45: 5376 | F45: pcs | G45: =E45+I45-I46 -> 5173 | H45: 入库 | I45: =SUM(J45:AO45) -> 0
H46: 出库 | I46: =SUM(J46:AO46) -> 203 | K46: 200 | AJ46: 3
A47: 20 | B47: 200H型 | C47: M4*0.7-L10-M6*1.0-OD9*1.0 | D47: SUS303 | E47: 5856 | F47: pcs | G47: =E47+I47-I48 -> 3706 | H47: 入库 | I47: =SUM(J47:AO47) -> 0
H48: 出库 | I48: =SUM(J48:AO48) -> 2150 | V48: 50 | AJ48: 2100
A49: 21 | B49: 200H型 | C49: M4*0.7-L12-M6*1.0-OD9*1.0 | D49: SUS303 | E49: 7901 | F49: pcs | G49: =E49+I49-I50 -> 7901 | H49: 入库 | I49: =SUM(J49:AO49) -> 0
H50: 出库 | I50: =SUM(J50:AO50) -> 0
A51: 22 | B51: 200HM型 | C51: M4*0.7-L11-M8*1.25-OD10*2.0（内六角） | D51: SUS303 | E51: 2105 | F51: pcs | G51: =E51+I51-I52 -> 4145 | H51: 入库 | I51: =SUM(J51:AO51) -> 2040 | R51: 2040
H52: 出库 | I52: =SUM(J52:AO52) -> 0
A53: 23 | B53: 200H型 | C53: M5*0.8-L7-M8*1.0-OD9.0 | D53: SUS303 | E53: 5 | F53: pcs | G53: =E53+I53-I54 -> 5 | H53: 入库 | I53: =SUM(J53:AO53) -> 0
H54: 出库 | I54: =SUM(J54:AO54) -> 0
A55: 23 | B55: 200H型 | C55: M5*0.8-L11-M8*1.0-OD11*1.0 | D55: SUS303 | E55: 338 | F55: pcs | G55: =E55+I55-I56 -> 338 | H55: 入库 | I55: =SUM(J55:AO55) -> 0
H56: 出库 | I56: =SUM(J56:AO56) -> 0
A57: 24 | B57: 200H型 | C57: M5*0.8-L6-M8*1.25-OD11*1.0 | D57: SUS303 | E57: 4672 | F57: pcs | G57: =E57+I57-I58 -> 4672 | H57: 入库 | I57: =SUM(J57:AO57) -> 0
H58: 出库 | I58: =SUM(J58:AO58) -> 0
A59: 24 | B59: 200H型 | C59: M5*0.8-L6.7-M8*1.25-OD11*1.0 | D59: SUS303 | E59: 125 | F59: pcs | G59: =E59+I59-I60 -> 125 | H59: 入库 | I59: =SUM(J59:AO59) -> 0
H60: 出库 | I60: =SUM(J60:AO60) -> 0
A61: 24 | B61: 200H型 | C61: M5*0.8-L7-M8*1.25-OD10*1.0 | D61: SUS303 | E61: 160 | F61: pcs | G61: =E61+I61-I62 -> 160 | H61: 入库 | I61: =SUM(J61:AO61) -> 0
H62: 出库 | I62: =SUM(J62:AO62) -> 0
A63: 25 | B63: 200H型 | C63: M5*0.8-L8-M8*1.25-OD11*1.0 | D63: SUS303 | E63: 7726 | F63: pcs | G63: =E63+I63-I64 -> 7726 | H63: 入库 | I63: =SUM(J63:AO63) -> 0
H64: 出库 | I64: =SUM(J64:AO64) -> 0
A65: 26 | B65: 200H型 | C65: M5*0.8-L9-M8*1.25-OD11*2.5 | D65: SUS303 | E65: 1570 | F65: pcs | G65: =E65+I65-I66 -> 1570 | H65: 入库 | I65: =SUM(J65:AO65) -> 0
H66: 出库 | I66: =SUM(J66:AO66) -> 0
A67: 27 | B67: 200H型 | C67: M5*0.8-L10-M8*1.25-OD11*1.0 | D67: SUS303 | E67: 5029 | F67: pcs | G67: =E67+I67-I68 -> 5028 | H67: 入库 | I67: =SUM(J67:AO67) -> 0
H68: 出库 | I68: =SUM(J68:AO68) -> 1 | AE68: 1
A69: 28 | B69: 200H型 | C69: M5*0.8-L10-M8*1.25-OD8*1.0 | D69: SUS303 | E69: 2477 | F69: pcs | G69: =E69+I69-I70 -> 2477 | H69: 入库 | I69: =SUM(J69:AO69) -> 0
H70: 出库 | I70: =SUM(J70:AO70) -> 0
A71: 29 | B71: 200H型 | C71: M5*0.8-L10-M8*1.25-OD8*1.5 | D71: SUS303 | E71: 2400 | F71: pcs | G71: =E71+I71-I72 -> 2400 | H71: 入库 | I71: =SUM(J71:AO71) -> 0
H72: 出库 | I72: =SUM(J72:AO72) -> 0
A73: 30 | B73: 200H型 | C73: M5*0.8-L11-M8*1.25-OD11*2.0 | D73: SUS303 | E73: 1859 | F73: pcs | G73: =E73+I73-I74 -> 1859 | H73: 入库 | I73: =SUM(J73:AO73) -> 0
H74: 出库 | I74: =SUM(J74:AO74) -> 0
A75: 31 | B75: 200H型 | C75: M5*0.8-L12-M8*1.25-OD11*1.0 | D75: SUS303 | E75: 386 | F75: pcs | G75: =E75+I75-I76 -> 10451 | H75: 入库 | I75: =SUM(J75:AO75) -> 10065 | N75: 6720 | Q75: 3345
H76: 出库 | I76: =SUM(J76:AO76) -> 0
A77: 32 | B77: 200H型 | C77: M5*0.8-L12-M8*1.25-OD11*1.5 | D77: SUS303 | E77: 4755 | F77: pcs | G77: =E77+I77-I78 -> 4755 | H77: 入库 | I77: =SUM(J77:AO77) -> 0
H78: 出库 | I78: =SUM(J78:AO78) -> 0
A79: 33 | B79: 200H型 | C79: M5*0.8-L14-M8*1.25-OD10*2.5 | D79: SUS303 | E79: 75 | F79: pcs | G79: =E79+I79-I80 -> 75 | H79: 入库 | I79: =SUM(J79:AO79) -> 0
H80: 出库 | I80: =SUM(J80:AO80) -> 0
A81: 34 | B81: 200H型 | C81: M5*0.8-L15-M8*1.25-OD11*1.0 | D81: SUS303 | E81: 100 | F81: pcs | G81: =E81+I81-I82 -> 555 | H81: 入库 | I81: =SUM(J81:AO81) -> 455 | Y81: 455
H82: 出库 | I82: =SUM(J82:AO82) -> 0
A83: 35 | B83: 200H型 | C83: M6*1.0-L9.5-M9*1.25-OD10.5*1.5 | D83: SUS303 | E83: 25 | F83: pcs | G83: =E83+I83-I84 -> 25 | H83: 入库 | I83: =SUM(J83:AO83) -> 0
H84: 出库 | I84: =SUM(J84:AO84) -> 0
A85: 36 | B85: 200H型 | C85: M6*1.0-L8-M8*1.25-OD11*1.0 | D85: SUS303 | E85: 85 | F85: pcs | G85: =E85+I85-I86 -> 85 | H85: 入库 | I85: =SUM(J85:AO85) -> 0
H86: 出库 | I86: =SUM(J86:AO86) -> 0
A87: 37 | B87: 200H型 | C87: M6*1.0-L8-M8*1.25-OD11*1.5 | D87: SUS303 | E87: 2795 | F87: pcs | G87: =E87+I87-I88 -> 2495 | H87: 入库 | I87: =SUM(J87:AO87) -> 0
H88: 出库 | I88: =SUM(J88:AO88) -> 300 | U88: 300
A89: 38 | B89: 200H型 | C89: M6*1.0-L10-M8*1.25-OD11*1.0 | D89: SUS303 | E89: 968 | F89: pcs | G89: =E89+I89-I90 -> 968 | H89: 入库 | I89: =SUM(J89:AO89) -> 0
H90: 出库 | I90: =SUM(J90:AO90) -> 0
A91: 39 | B91: 200H型 | C91: M6*1.0-L10-M8*1.25-OD11*1.5 | D91: SUS303 | E91: 9398 | F91: pcs | G91: =E91+I91-I92 -> 3444 | H91: 入库 | I91: =SUM(J91:AO91) -> 5350 | AL91: 5350
H92: 出库 | I92: =SUM(J92:AO92) -> 11304 | V92: 4 | X92: 800 | AC92: 5000 | AI92: 500 | AL92: 5000
A93: 40 | B93: 200H型 | C93: M6*1.0-L12-M8*1.25-OD11*1.5 | D93: SUS303 | E93: 13505 | F93: pcs | G93: =E93+I93-I94 -> 13455 | H93: 入库 | I93: =SUM(J93:AO93) -> 0
H94: 出库 | I94: =SUM(J94:AO94) -> 50 | X94: 50
A95: 41 | B95: 200H型 | C95: M6*1.0-L12-M8*1.25-OD11*1.0 | D95: SUS303 | E95: 2690 | F95: pcs | G95: =E95+I95-I96 -> 2690 | H95: 入库 | I95: =SUM(J95:AO95) -> 0
H96: 出库 | I96: =SUM(J96:AO96) -> 0
A97: 42 | B97: 200H型 | C97: M6*1.0-L10-M10*1.5-OD13*1.5 | D97: SUS303 | E97: 900 | F97: pcs | G97: =E97+I97-I98 -> 4190 | H97: 入库 | I97: =SUM(J97:AO97) -> 8290 | L97: 6480 | P97: 1810
H98: 出库 | I98: =SUM(J98:AO98) -> 5000 | L98: 5000
A99: 43 | B99: 200H型 | C99: M6*1.0-L12-M10*1.5-OD13*1.5 | D99: SUS303 | E99: 2551 | F99: pcs | G99: =E99+I99-I100 -> 1550 | H99: 入库 | I99: =SUM(J99:AO99) -> 0
H100: 出库 | I100: =SUM(J100:AO100) -> 1001 | O100: 1 | Q100: 1000
...

Sheet 钢丝螺套及配套工具
A1: 钢丝螺套及配套工具库存明细
A2: 日期 | B2: ='302槽型'!B2 -> 46023 | D2: 本月入库统计 | H2: 每日入库统计 | J2: =SUMIF($H:$H,#REF!,J:J) -> 0 | K2: =SUMIF($H:$H,#REF!,K:K) -> 0 | L2: =SUMIF($H:$H,#REF!,L:L) -> 0 | M2: =SUMIF($H:$H,#REF!,M:M) -> 0 | N2: =SUMIF($H:$H,#REF!,N:N) -> 0 | O2: =SUMIF($H:$H,#REF!,O:O) -> 0 | P2: =SUMIF($H:$H,#REF!,P:P) -> 0 | Q2: =SUMIF($H:$H,#REF!,Q:Q) -> 0 | R2: =SUMIF($H:$H,#REF!,R:R) -> 0 | S2: =SUMIF($H:$H,#REF!,S:S) -> 0 | T2: =SUMIF($H:$H,#REF!,T:T) -> 0 | U2: =SUMIF($H:$H,#REF!,U:U) -> 0 | V2: =SUMIF($H:$H,#REF!,V:V) -> 0 | W2: =SUMIF($H:$H,#REF!,W:W) -> 0 | X2: =SUMIF($H:$H,#REF!,X:X) -> 0 | Y2: =SUMIF($H:$H,#REF!,Y:Y) -> 0
D3: 本月出库统计 | H3: 每日出库统计 | J3: =SUMIF($H:$H,#REF!,J:J) -> 0 | K3: =SUMIF($H:$H,#REF!,K:K) -> 0 | L3: =SUMIF($H:$H,#REF!,L:L) -> 0 | M3: =SUMIF($H:$H,#REF!,M:M) -> 0 | N3: =SUMIF($H:$H,#REF!,N:N) -> 0 | O3: =SUMIF($H:$H,#REF!,O:O) -> 0 | P3: =SUMIF($H:$H,#REF!,P:P) -> 0 | Q3: =SUMIF($H:$H,#REF!,Q:Q) -> 0 | R3: =SUMIF($H:$H,#REF!,R:R) -> 0 | S3: =SUMIF($H:$H,#REF!,S:S) -> 0 | T3: =SUMIF($H:$H,#REF!,T:T) -> 0 | U3: =SUMIF($H:$H,#REF!,U:U) -> 0 | V3: =SUMIF($H:$H,#REF!,V:V) -> 0 | W3: =SUMIF($H:$H,#REF!,W:W) -> 0 | X3: =SUMIF($H:$H,#REF!,X:X) -> 0 | Y3: =SUMIF($H:$H,#REF!,Y:Y) -> 0
A4: 序号 | B4: 类别 | C4: 规格 | D4: 材质 | E4: 上月结存 | F4: 单位 | G4: 现库存 | H4: 入/出库 | I4: 汇总 | J4: ='302槽型'!J4 -> 46023 | K4: ='302槽型'!K4 -> 46024 | L4: ='302槽型'!L4 -> 46025 | M4: ='302槽型'!M4 -> 46026 | N4: ='302槽型'!N4 -> 46027 | O4: ='302槽型'!O4 -> 46028 | P4: ='302槽型'!P4 -> 46029 | Q4: ='302槽型'!Q4 -> 46030 | ... AN4: ='302槽型'!AN4 -> 46053
A5: 1 | B5: 钢丝螺套 | C5: M1.6*0.35-1.0D | D5: 304材质 | E5: 180 | F5: pcs | G5: =E5+I5-I6 -> 180 | H5: 入库 | I5: =SUM(J5:AO5) -> 0
H6: 出库 | I6: =SUM(J6:AO6) -> 0
A7: 1 | B7: 钢丝螺套 | C7: M1.6*0.35-1.5D | D7: 304材质 | E7: 1190 | F7: pcs | G7: =E7+I7-I8 -> 1170 | H7: 入库 | I7: =SUM(J7:AO7) -> 0
H8: 出库 | I8: =SUM(J8:AO8) -> 20 | AB8: 20
A9: 2 | B9: 钢丝螺套 | C9: M1.6*0.35-2.0D | D9: 304材质 | E9: 1750 | F9: pcs | G9: =E9+I9-I10 -> 1690 | H9: 入库 | I9: =SUM(J9:AO9) -> 0
H10: 出库 | I10: =SUM(J10:AO10) -> 60 | AB10: 60
A11: 3 | B11: 钢丝螺套 | C11: M1.6*0.35-2.5D | D11: 304材质 | E11: 10 | F11: pcs | G11: =E11+I11-I12 -> 10 | H11: 入库 | I11: =SUM(J11:AO11) -> 0
H12: 出库 | I12: =SUM(J12:AO12) -> 0
A13: 3 | B13: 钢丝螺套 | C13: M1.6*0.35-3.0D | D13: 304材质 | E13: 210 | F13: pcs | G13: =E13+I13-I14 -> 160 | H13: 入库 | I13: =SUM(J13:AO13) -> 0
H14: 出库 | I14: =SUM(J14:AO14) -> 50 | AI14: 50
A15: 4 | B15: 钢丝螺套 | C15: M2*0.4-1.0D | D15: 304材质 | E15: 24695 | F15: pcs | G15: =E15+I15-I16 -> 24695 | H15: 入库 | I15: =SUM(J15:AO15) -> 0
H16: 出库 | I16: =SUM(J16:AO16) -> 0
A17: 5 | B17: 钢丝螺套 | C17: M2*0.4-1.5D | D17: 304材质 | E17: 26640 | F17: pcs | G17: =E17+I17-I18 -> 26640 | H17: 入库 | I17: =SUM(J17:AO17) -> 0
H18: 出库 | I18: =SUM(J18:AO18) -> 0
A19: 6 | B19: 钢丝螺套 | C19: M2*0.4-2.0D | D19: 304材质 | E19: 10265 | F19: pcs | G19: =E19+I19-I20 -> 10265 | H19: 入库 | I19: =SUM(J19:AO19) -> 0
H20: 出库 | I20: =SUM(J20:AO20) -> 0
A21: 7 | B21: 钢丝螺套 | C21: M2*0.4-2.5D | D21: 304材质 | E21: 4470 | F21: pcs | G21: =E21+I21-I22 -> 4370 | H21: 入库 | I21: =SUM(J21:AO21) -> 0
H22: 出库 | I22: =SUM(J22:AO22) -> 100 | AB22: 75 | AI22: 25
A23: 8 | B23: 钢丝螺套 | C23: M2*0.4-3.0D | D23: 304材质 | E23: 720 | F23: pcs | G23: =E23+I23-I24 -> 720 | H23: 入库 | I23: =SUM(J23:AO23) -> 0
H24: 出库 | I24: =SUM(J24:AO24) -> 0
A25: 9 | B25: 钢丝螺套 | C25: M2.5*0.45-1.0D | D25: 304材质 | E25: 11160 | F25: pcs | G25: =E25+I25-I26 -> 11160 | H25: 入库 | I25: =SUM(J25:AO25) -> 0
H26: 出库 | I26: =SUM(J26:AO26) -> 0
A27: 10 | B27: 钢丝螺套 | C27: M2.5*0.45-1.5D | D27: 304材质 | E27: 6860 | F27: pcs | G27: =E27+I27-I28 -> 6860 | H27: 入库 | I27: =SUM(J27:AO27) -> 0
H28: 出库 | I28: =SUM(J28:AO28) -> 0
A29: 11 | B29: 钢丝螺套 | C29: M2.5*0.45-2.0D | D29: 304材质 | E29: 9070 | F29: pcs | G29: =E29+I29-I30 -> 9070 | H29: 入库 | I29: =SUM(J29:AO29) -> 0
H30: 出库 | I30: =SUM(J30:AO30) -> 0
A31: 12 | B31: 钢丝螺套 | C31: M2.5*0.45-2.5D | D31: 304材质 | E31: 90 | F31: pcs | G31: =E31+I31-I32 -> 70 | H31: 入库 | I31: =SUM(J31:AO31) -> 0
H32: 出库 | I32: =SUM(J32:AO32) -> 20 | AG32: 20
A33: 13 | B33: 钢丝螺套 | C33: M2.5*0.45-3.0D | D33: 304材质 | E33: 90 | F33: pcs | G33: =E33+I33-I34 -> 90 | H33: 入库 | I33: =SUM(J33:AO33) -> 0
H34: 出库 | I34: =SUM(J34:AO34) -> 0
A35: 14 | B35: 钢丝螺套 | C35: M3*0.5-1.0D | D35: 304材质 | E35: 6705 | F35: pcs | G35: =E35+I35-I36 -> 6105 | H35: 入库 | I35: =SUM(J35:AO35) -> 0
H36: 出库 | I36: =SUM(J36:AO36) -> 600 | AI36: 600
A37: 15 | B37: 钢丝螺套 | C37: M3*0.5-1.5D | D37: 304材质 | E37: 15774 | F37: pcs | G37: =E37+I37-I38 -> 15314 | H37: 入库 | I37: =SUM(J37:AO37) -> 0
H38: 出库 | I38: =SUM(J38:AO38) -> 460 | Y38: 10 | AB38: 450
A39: 100 | B39: 无尾钢丝螺套 | C39: M3*0.5-1.5D | D39: 304材质 | E39: 1170 | F39: pcs | G39: =E39+I39-I40 -> 1170 | H39: 入库 | I39: =SUM(J39:AO39) -> 0
H40: 出库 | I40: =SUM(J40:AO40) -> 0
A41: 16 | B41: 钢丝螺套 | C41: M3*0.5-2.0D | D41: 304材质 | E41: 3385 | F41: pcs | G41: =E41+I41-I42 -> 3085 | H41: 入库 | I41: =SUM(J41:AO41) -> 0
H42: 出库 | I42: =SUM(J42:AO42) -> 300 | AB42: 100 | AI42: 200
A43: 17 | B43: 钢丝螺套 | C43: M3*0.5-2.5D | D43: 304材质 | E43: 2320 | F43: pcs | G43: =E43+I43-I44 -> 1250 | H43: 入库 | I43: =SUM(J43:AO43) -> 0
H44: 出库 | I44: =SUM(J44:AO44) -> 1070 | N44: 1050 | AG44: 20
A45: 18 | B45: 钢丝螺套 | C45: M3*0.5-3.0D | D45: 304材质 | E45: 3824 | F45: pcs | G45: =E45+I45-I46 -> 3624 | H45: 入库 | I45: =SUM(J45:AO45) -> 0
H46: 出库 | I46: =SUM(J46:AO46) -> 200 | AC46: 200
A47: 19 | B47: 钢丝螺套 | C47: M4*0.7-1.0D | D47: 304材质 | E47: 9294 | F47: pcs | G47: =E47+I47-I48 -> 8344 | H47: 入库 | I47: =SUM(J47:AO47) -> 0
H48: 出库 | I48: =SUM(J48:AO48) -> 950 | AB48: 150 | AI48: 800
A49: 19 | B49: 钢丝螺套 | C49: M4*0.7-1.0D镀绿色 | D49: 304材质 | E49: 7840 | F49: pcs | G49: =E49+I49-I50 -> 6740 | H49: 入库 | I49: =SUM(J49:AO49) -> 0
H50: 出库 | I50: =SUM(J50:AO50) -> 1100 | AG50: 1100
A51: 20 | B51: 钢丝螺套 | C51: M4*0.7-1.5D | D51: 304材质 | E51: 300 | F51: pcs | G51: =E51+I51-I52 -> 9300 | H51: 入库 | I51: =SUM(J51:AO51) -> 10000 | N51: 10000
H52: 出库 | I52: =SUM(J52:AO52) -> 1000 | N52: 1000
A53: 21 | B53: 钢丝螺套 | C53: M4*0.7-2.0D | D53: 304材质 | E53: 9749 | F53: pcs | G53: =E53+I53-I54 -> 9249 | H53: 入库 | I53: =SUM(J53:AO53) -> 0
H54: 出库 | I54: =SUM(J54:AO54) -> 500 | U54: 300 | AI54: 200
A55: 22 | B55: 钢丝螺套 | C55: M4*0.7-2.5D | D55: 304材质 | E55: 4500 | F55: pcs | G55: =E55+I55-I56 -> 4400 | H55: 入库 | I55: =SUM(J55:AO55) -> 0
H56: 出库 | I56: =SUM(J56:AO56) -> 100 | AI56: 100
A57: 23 | B57: 钢丝螺套 | C57: M4*0.7-3.0D | D57: 304材质 | E57: 4497 | F57: pcs | G57: =E57+I57-I58 -> 4497 | H57: 入库 | I57: =SUM(J57:AO57) -> 0
H58: 出库 | I58: =SUM(J58:AO58) -> 0
A59: 24 | B59: 钢丝螺套 | C59: M5*0.8-1.0D | D59: 304材质 | E59: 2424 | F59: pcs | G59: =E59+I59-I60 -> 2424 | H59: 入库 | I59: =SUM(J59:AO59) -> 0
H60: 出库 | I60: =SUM(J60:AO60) -> 0
A61: 25 | B61: 钢丝螺套 | C61: M5*0.8-1.5D | D61: 304材质 | E61: 5200 | F61: pcs | G61: =E61+I61-I62 -> 3800 | H61: 入库 | I61: =SUM(J61:AO61) -> 0
H62: 出库 | I62: =SUM(J62:AO62) -> 1400 | U62: 800 | AI62: 600
A63: 26 | B63: 钢丝螺套 | C63: M5*0.8-2.0D | D63: 304材质 | E63: 27600 | F63: pcs | G63: =E63+I63-I64 -> 4750 | H63: 入库 | I63: =SUM(J63:AO63) -> 0
H64: 出库 | I64: =SUM(J64:AO64) -> 22850 | X64: 13200 | AB64: 250 | AI64: 9400
A65: 27 | B65: 钢丝螺套 | C65: M5*0.8-2.5D | D65: 304材质 | E65: 4689 | F65: pcs | G65: =E65+I65-I66 -> 4689 | H65: 入库 | I65: =SUM(J65:AO65) -> 0
H66: 出库 | I66: =SUM(J66:AO66) -> 0
A67: 28 | B67: 钢丝螺套 | C67: M5*0.8-3.0D | D67: 304材质 | E67: 3159 | F67: pcs | G67: =E67+I67-I68 -> 3059 | H67: 入库 | I67: =SUM(J67:AO67) -> 0
H68: 出库 | I68: =SUM(J68:AO68) -> 100 | N68: 100
A69: 29 | B69: 钢丝螺套 | C69: M5*0.8-6.0W | D69: 304材质 | E69: 0 | F69: pcs | G69: =E69+I69-I70 -> 14000 | H69: 入库 | I69: =SUM(J69:AO69) -> 26000 | W69: 11000 | AD69: 15000
H70: 出库 | I70: =SUM(J70:AO70) -> 12000 | W70: 5000 | AB70: 3000 | AE70: =2000+2000 -> 4000
A71: 29 | B71: 钢丝螺套 | C71: M6*1.0-1.0D | D71: 304材质 | E71: 7399 | F71: pcs | G71: =E71+I71-I72 -> 7349 | H71: 入库 | I71: =SUM(J71:AO71) -> 0
H72: 出库 | I72: =SUM(J72:AO72) -> 50 | AI72: 50
A73: 29 | B73: 钢丝螺套 | C73: M6*1.0-1.0D镀绿色 | D73: 304材质 | E73: 6700 | F73: pcs | G73: =E73+I73-I74 -> 5800 | H73: 入库 | I73: =SUM(J73:AO73) -> 0
H74: 出库 | I74: =SUM(J74:AO74) -> 900 | AG74: 900
A75: 30 | B75: 钢丝螺套 | C75: M6*1.0-1.5D | D75: 304材质 | E75: 145200 | F75: pcs | G75: =E75+I75-I76 -> 43575 | H75: 入库 | I75: =SUM(J75:AO75) -> 300000 | P75: 200000 | AI75: 100000
H76: 出库 | I76: =SUM(J76:AO76) -> 401625 | L76: 100000 | N76: 75 | U76: 200 | X76: 100000 | Y76: 1000 | AB76: 50 | AD76: 100000 | AI76: 300 | AJ76: 100000
A77: 31 | B77: 钢丝螺套 | C77: M6*1.0-2.0D | D77: 304材质 | E77: 9999 | F77: pcs | G77: =E77+I77-I78 -> 6074 | H77: 入库 | I77: =SUM(J77:AO77) -> 0
H78: 出库 | I78: =SUM(J78:AO78) -> 3925 | Y78: 3000 | AB78: 375 | AI78: 550
A79: 32 | B79: 钢丝螺套 | C79: M6*1.0-2.5D | D79: 304材质 | E79: 9710 | F79: pcs | G79: =E79+I79-I80 -> 9585 | H79: 入库 | I79: =SUM(J79:AO79) -> 0
H80: 出库 | I80: =SUM(J80:AO80) -> 125 | U80: 125
A81: 33 | B81: 钢丝螺套 | C81: M6*1.0-3.0D | D81: 304材质 | E81: 1860 | F81: pcs | G81: =E81+I81-I82 -> 2910 | H81: 入库 | I81: =SUM(J81:AO81) -> 3000 | AI81: 3000
H82: 出库 | I82: =SUM(J82:AO82) -> 1950 | N82: 50 | Y82: 1000 | AI82: 900
A83: 33 | B83: 钢丝螺套 | C83: M6*1.0-6.0W | D83: 304材质 | E83: 0 | F83: pcs | G83: =E83+I83-I84 -> 14000 | H83: 入库 | I83: =SUM(J83:AO83) -> 26000 | W83: 11000 | AD83: 15000
H84: 出库 | I84: =SUM(J84:AO84) -> 12000 | W84: 5000 | AB84: 3000 | AE84: =2000+2000 -> 4000
A85: 33 | B85: 钢丝螺套 | C85: M6*1.0-11.0W | D85: 304材质 | E85: 1000 | F85: pcs | G85: =E85+I85-I86 -> 1000 | H85: 入库 | I85: =SUM(J85:AO85) -> 0
H86: 出库 | I86: =SUM(J86:AO86) -> 0
A87: 30 | B87: 钢丝螺套 | C87: M6*1.0-1.5DT(有间距) | D87: 304材质 | E87: 79230 | F87: pcs | G87: =E87+I87-I88 -> 79230 | H87: 入库 | I87: =SUM(J87:AO87) -> 0
H88: 出库 | I88: =SUM(J88:AO88) -> 0
A89: 34 | B89: 无尾钢丝螺套 | C89: M6*1.0-1.5D | D89: 304材质 | E89: 2644 | F89: pcs | G89: =E89+I89-I90 -> 2644 | H89: 入库 | I89: =SUM(J89:AO89) -> 0
H90: 出库 | I90: =SUM(J90:AO90) -> 0
A91: 35 | B91: 钢丝螺套 | C91: M8*1.25-1.0D | D91: 304材质 | E91: 8784 | F91: pcs | G91: =E91+I91-I92 -> 8624 | H91: 入库 | I91: =SUM(J91:AO91) -> 0
H92: 出库 | I92: =SUM(J92:AO92) -> 160 | L92: 100 | AE92: 60
A93: 36 | B93: 钢丝螺套 | C93: M8*1.25-1.5D | D93: 304材质 | E93: 2084 | F93: pcs | G93: =E93+I93-I94 -> 1084 | H93: 入库 | I93: =SUM(J93:AO93) -> 0
H94: 出库 | I94: =SUM(J94:AO94) -> 1000 | Q94: 400 | AL94: 600
A95: 37 | B95: 钢丝螺套 | C95: M8*1.25-2.0D | D95: 304材质 | E95: 8450 | F95: pcs | G95: =E95+I95-I96 -> 5250 | H95: 入库 | I95: =SUM(J95:AO95) -> 0
H96: 出库 | I96: =SUM(J96:AO96) -> 3200 | AE96: 100 | AG96: 3100
A97: 38 | B97: 钢丝螺套 | C97: M8*1.25-2.5D | D97: 304材质 | E97: 1239 | F97: pcs | G97: =E97+I97-I98 -> 839 | H97: 入库 | I97: =SUM(J97:AO97) -> 0
H98: 出库 | I98: =SUM(J98:AO98) -> 400 | L98: 200 | Q98: 200
A99: 39 | B99: 钢丝螺套 | C99: M8*1.25-3.0D | D99: 304材质 | E99: 3171 | F99: pcs | G99: =E99+I99-I100 -> 2311 | H99: 入库 | I99: =SUM(J99:AO99) -> 0
H100: 出库 | I100: =SUM(J100:AO100) -> 860 | L100: 400 | Q100: 200 | V100: 60 | AE100: 200
...

Sheet HHS型
A1: HHS型螺套库存明细
A2: 日期 | B2: ='302槽型'!B2 -> 46023 | D2: 本月入库统计 | H2: 每日入库统计 | J2: =SUMIF($H:$H,#REF!,J:J) -> 0 | K2: =SUMIF($H:$H,#REF!,K:K) -> 0 | L2: =SUMIF($H:$H,#REF!,L:L) -> 0 | M2: =SUMIF($H:$H,#REF!,M:M) -> 0 | N2: =SUMIF($H:$H,#REF!,N:N) -> 0 | O2: =SUMIF($H:$H,#REF!,O:O) -> 0 | P2: =SUMIF($H:$H,#REF!,P:P) -> 0 | Q2: =SUMIF($H:$H,#REF!,Q:Q) -> 0 | R2: =SUMIF($H:$H,#REF!,R:R) -> 0 | S2: =SUMIF($H:$H,#REF!,S:S) -> 0 | T2: =SUMIF($H:$H,#REF!,T:T) -> 0 | U2: =SUMIF($H:$H,#REF!,U:U) -> 0 | V2: =SUMIF($H:$H,#REF!,V:V) -> 0 | W2: =SUMIF($H:$H,#REF!,W:W) -> 0 | X2: =SUMIF($H:$H,#REF!,X:X) -> 0 | Y2: =SUMIF($H:$H,#REF!,Y:Y) -> 0
D3: 本月出库统计 | H3: 每日出库统计 | J3: =SUMIF($H:$H,#REF!,J:J) -> 0 | K3: =SUMIF($H:$H,#REF!,K:K) -> 0 | L3: =SUMIF($H:$H,#REF!,L:L) -> 0 | M3: =SUMIF($H:$H,#REF!,M:M) -> 0 | N3: =SUMIF($H:$H,#REF!,N:N) -> 0 | O3: =SUMIF($H:$H,#REF!,O:O) -> 0 | P3: =SUMIF($H:$H,#REF!,P:P) -> 0 | Q3: =SUMIF($H:$H,#REF!,Q:Q) -> 0 | R3: =SUMIF($H:$H,#REF!,R:R) -> 0 | S3: =SUMIF($H:$H,#REF!,S:S) -> 0 | T3: =SUMIF($H:$H,#REF!,T:T) -> 0 | U3: =SUMIF($H:$H,#REF!,U:U) -> 0 | V3: =SUMIF($H:$H,#REF!,V:V) -> 0 | W3: =SUMIF($H:$H,#REF!,W:W) -> 0 | X3: =SUMIF($H:$H,#REF!,X:X) -> 0 | Y3: =SUMIF($H:$H,#REF!,Y:Y) -> 0
A4: 序号 | B4: 类别 | C4: 规格 | D4: 材质 | E4: 上月结存 | F4: 单位 | G4: 现库存 | H4: 入/出库 | I4: 汇总 | J4: ='302槽型'!J4 -> 46023 | K4: ='302槽型'!K4 -> 46024 | L4: ='302槽型'!L4 -> 46025 | M4: ='302槽型'!M4 -> 46026 | N4: ='302槽型'!N4 -> 46027 | O4: ='302槽型'!O4 -> 46028 | P4: ='302槽型'!P4 -> 46029 | Q4: ='302槽型'!Q4 -> 46030 | ... AN4: ='302槽型'!AN4 -> 46053
A5: 1 | B5: HHS型 | C5: M6*1.0-L7.4-M8*1.0-OD9 | D5: SUS303 | E5: 1100 | F5: pcs | G5: =E5+I5-I6 -> 620 | H5: 入库 | I5: =SUM(J5:AO5) -> 0
H6: 出库 | I6: =SUM(J6:AO6) -> 480 | N6: 480
A7: 2 | B7: HHS型 | C7: M6*1.0-L9.4-M8*1.0-OD9 | D7: SUS303 | E7: 4389 | F7: pcs | G7: =E7+I7-I8 -> 3909 | H7: 入库 | I7: =SUM(J7:AO7) -> 0
H8: 出库 | I8: =SUM(J8:AO8) -> 480 | N8: 480
A9: 3 | B9: HHS型 | C9: M6*1.0-L12-M8*1.0-OD9 | D9: SUS303 | E9: 917 | F9: pcs | G9: =E9+I9-I10 -> 917 | H9: 入库 | I9: =SUM(J9:AO9) -> 0
H10: 出库 | I10: =SUM(J10:AO10) -> 0
A11: 4 | B11: HHS型 | C11: M7*1.0-L9.5-M9*1.0 | D11: SUS303 | E11: 2315 | F11: pcs | G11: =E11+I11-I12 -> 1835 | H11: 入库 | I11: =SUM(J11:AO11) -> 0
H12: 出库 | I12: =SUM(J12:AO12) -> 480 | N12: 480
A13: 4 | B13: HHS型 | C13: M8*1.0-L11.4-M10*1.0-OD11 | D13: SUS303 | E13: 430 | F13: pcs | G13: =E13+I13-I14 -> 190 | H13: 入库 | I13: =SUM(J13:AO13) -> 0
H14: 出库 | I14: =SUM(J14:AO14) -> 240 | N14: 240
A15: 4 | B15: HHS型 | C15: M8*1.0-L15.4-M10*1.0-OD11 | D15: SUS303 | E15: 400 | F15: pcs | G15: =E15+I15-I16 -> 160 | H15: 入库 | I15: =SUM(J15:AO15) -> 0
H16: 出库 | I16: =SUM(J16:AO16) -> 240 | N16: 240
A17: 5 | B17: HHS型 | C17: M8*1.25-L11.7-M9.5*1.25-OD10.22 | D17: 1215发黑 | E17: 980 | F17: pcs | G17: =E17+I17-I18 -> 980 | H17: 入库 | I17: =SUM(J17:AO17) -> 0
H18: 出库 | I18: =SUM(J18:AO18) -> 0
A19: 6 | B19: HHS型 | C19: M8*1.25-L16.2-M9.5*1.25-OD10.22 | D19: 1215发黑 | E19: 40 | F19: pcs | G19: =E19+I19-I20 -> 40 | H19: 入库 | I19: =SUM(J19:AO19) -> 0
H20: 出库 | I20: =SUM(J20:AO20) -> 0
A21: 7 | B21: HHS型 | C21: M8*1.25-L11.7-M10*1.25-OD11 | D21: SUS303 | E21: 1390 | F21: pcs | G21: =E21+I21-I22 -> 1150 | H21: 入库 | I21: =SUM(J21:AO21) -> 0
H22: 出库 | I22: =SUM(J22:AO22) -> 240 | N22: 240
A23: 8 | B23: HHS型 | C23: M8*1.25-L16.2-M10*1.25-OD11 | D23: SUS303 | E23: 1440 | F23: pcs | G23: =E23+I23-I24 -> 720 | H23: 入库 | I23: =SUM(J23:AO23) -> 0
H24: 出库 | I24: =SUM(J24:AO24) -> 720 | N24: =480+240 -> 720
A25: 9 | B25: HHS型 | C25: M8*1.25-L24-M10*1.25-OD11 | D25: SUS303 | E25: 510 | F25: pcs | G25: =E25+I25-I26 -> 510 | H25: 入库 | I25: =SUM(J25:AO25) -> 0
H26: 出库 | I26: =SUM(J26:AO26) -> 0
A27: 10 | B27: HHS型 | C27: M8*1.25-L17-M12*1.25-OD13 | D27: SUS303 | E27: 21 | F27: pcs | G27: =E27+I27-I28 -> 21 | H27: 入库 | I27: =SUM(J27:AO27) -> 0
H28: 出库 | I28: =SUM(J28:AO28) -> 0
A29: 11 | B29: HHS型 | C29: M10*1.0-L12.5-M12*1.0-OD13 | D29: SUS303 | E29: 890 | F29: pcs | G29: =E29+I29-I30 -> 890 | H29: 入库 | I29: =SUM(J29:AO29) -> 0
H30: 出库 | I30: =SUM(J30:AO30) -> 0
A31: 12 | B31: HHS型 | C31: M10*1.0-L12.7-M12*1.0-OD13 | D31: SUS303 | E31: 1475 | F31: pcs | G31: =E31+I31-I32 -> 635 | H31: 入库 | I31: =SUM(J31:AO31) -> 0
H32: 出库 | I32: =SUM(J32:AO32) -> 840 | N32: =600+240 -> 840
A33: 13 | B33: HHS型 | C33: M10*1.0-L16.2-M12*1.0-OD13 | D33: SUS303 | E33: 605 | F33: pcs | G33: =E33+I33-I34 -> 305 | H33: 入库 | I33: =SUM(J33:AO33) -> 0
H34: 出库 | I34: =SUM(J34:AO34) -> 300 | N34: 300
A35: 13 | B35: HHS型 | C35: M10*1.0-L17-M12*1.0-OD13 | D35: SUS303 | E35: 2015 | F35: pcs | G35: =E35+I35-I36 -> 2015 | H35: 入库 | I35: =SUM(J35:AO35) -> 0
H36: 出库 | I36: =SUM(J36:AO36) -> 0
A37: 14 | B37: HHS型 | C37: M10*1.0-L17.5-M12*1.0-OD13 | D37: SUS303 | E37: 1153 | F37: pcs | G37: =E37+I37-I38 -> 1153 | H37: 入库 | I37: =SUM(J37:AO37) -> 0
H38: 出库 | I38: =SUM(J38:AO38) -> 0
A39: 15 | B39: HHS型 | C39: M10*1.25-L12.7-M12*1.25-OD13 | D39: SUS303 | E39: 1380 | F39: pcs | G39: =E39+I39-I40 -> 780 | H39: 入库 | I39: =SUM(J39:AO39) -> 0
H40: 出库 | I40: =SUM(J40:AO40) -> 600 | N40: 600
A41: 15 | B41: HHS型 | C41: M10*1.25-L16.2-M12*1.25-OD13 | D41: SUS303 | E41: 685 | F41: pcs | G41: =E41+I41-I42 -> 385 | H41: 入库 | I41: =SUM(J41:AO41) -> 0
H42: 出库 | I42: =SUM(J42:AO42) -> 300 | N42: 300
A43: 15 | B43: HHS型 | C43: M10*1.25-L17-M12*1.25-OD13 | D43: SUS303 | E43: 175 | F43: pcs | G43: =E43+I43-I44 -> 175 | H43: 入库 | I43: =SUM(J43:AO43) -> 0
H44: 出库 | I44: =SUM(J44:AO44) -> 0
A45: 16 | B45: HHS型 | C45: M10*1.25-L24.5-M12*1.25-OD13 | D45: SUS303 | E45: 1168 | F45: pcs | G45: =E45+I45-I46 -> 968 | H45: 入库 | I45: =SUM(J45:AO45) -> 0
H46: 出库 | I46: =SUM(J46:AO46) -> 200 | N46: 200
A47: 17 | B47: HHS型 | C47: M10*1.25-L24-M14*1.25-OD15 | D47: SUS303 | E47: 44 | F47: pcs | G47: =E47+I47-I48 -> 44 | H47: 入库 | I47: =SUM(J47:AO47) -> 0
H48: 出库 | I48: =SUM(J48:AO48) -> 0
A49: 18 | B49: HHS型 | C49: M10*1.5-L14-M12*1.5-OD13 | D49: SUS303 | E49: 175 | F49: pcs | G49: =E49+I49-I50 -> 75 | H49: 入库 | I49: =SUM(J49:AO49) -> 0
H50: 出库 | I50: =SUM(J50:AO50) -> 100 | N50: 100
A51: 18 | B51: HHS型 | C51: M10*1.5-L16.2-M12*1.5-OD13 | D51: SUS303 | E51: 540 | F51: pcs | G51: =E51+I51-I52 -> 240 | H51: 入库 | I51: =SUM(J51:AO51) -> 0
H52: 出库 | I52: =SUM(J52:AO52) -> 300 | N52: 300
A53: 19 | B53: HHS型 | C53: M10*1.5-L20-M12*1.5-OD13 | D53: SUS303 | E53: 422 | F53: pcs | G53: =E53+I53-I54 -> 422 | H53: 入库 | I53: =SUM(J53:AO53) -> 0
H54: 出库 | I54: =SUM(J54:AO54) -> 0
A55: 20 | B55: HHS型 | C55: M10*1.5-L24.5-M12*1.5-OD13 | D55: SUS303 | E55: 715 | F55: pcs | G55: =E55+I55-I56 -> 415 | H55: 入库 | I55: =SUM(J55:AO55) -> 0
H56: 出库 | I56: =SUM(J56:AO56) -> 300 | N56: 300
A57: 21 | B57: HHS型 | C57: M9*1.25-L12.5-M11*1.25-OD12 | D57: SUS303 | E57: 515 | F57: pcs | G57: =E57+I57-I58 -> 35 | H57: 入库 | I57: =SUM(J57:AO57) -> 0
H58: 出库 | I58: =SUM(J58:AO58) -> 480 | N58: 480
A59: 22 | B59: HHS型 | C59: M9*1.25-L27-M12*1.25-OD13 | D59: SUS303 | E59: 500 | F59: pcs | G59: =E59+I59-I60 -> 500 | H59: 入库 | I59: =SUM(J59:AO59) -> 0
H60: 出库 | I60: =SUM(J60:AO60) -> 0
A61: 23 | B61: HHS型 | C61: M9*1.25-L27-M12*1.5-OD13 | D61: SUS303 | E61: 43 | F61: pcs | G61: =E61+I61-I62 -> 43 | H61: 入库 | I61: =SUM(J61:AO61) -> 0
H62: 出库 | I62: =SUM(J62:AO62) -> 0
A63: 24 | B63: HHS型 | C63: M11*1.25-L16.2-M14*1.25-OD15 | D63: SUS303 | E63: 340 | F63: pcs | G63: =E63+I63-I64 -> 190 | H63: 入库 | I63: =SUM(J63:AO63) -> 0
H64: 出库 | I64: =SUM(J64:AO64) -> 150 | N64: 150
A65: 24 | B65: HHS型 | C65: M11*1.25-L28-M14*1.25-OD15 | D65: SUS303 | E65: 848 | F65: pcs | G65: =E65+I65-I66 -> 98 | H65: 入库 | I65: =SUM(J65:AO65) -> 0
H66: 出库 | I66: =SUM(J66:AO66) -> 750 | N66: =600+150 -> 750
A67: 25 | B67: HHS型 | C67: M11*1.25-L27-M14*1.5-OD15 | D67: SUS303 | E67: 28 | F67: pcs | G67: =E67+I67-I68 -> 28 | H67: 入库 | I67: =SUM(J67:AO67) -> 0
H68: 出库 | I68: =SUM(J68:AO68) -> 0
A69: 26 | B69: HHS型 | C69: M11*1.25-L28-M16*1.5-OD17 | D69: SUS303 | E69: 99 | F69: pcs | G69: =E69+I69-I70 -> 99 | H69: 入库 | I69: =SUM(J69:AO69) -> 0
H70: 出库 | I70: =SUM(J70:AO70) -> 0
A71: 27 | B71: HHS型 | C71: M11*1.5-L16.2-M14*1.5-OD15 | D71: SUS303 | E71: 465 | F71: pcs | G71: =E71+I71-I72 -> 165 | H71: 入库 | I71: =SUM(J71:AO71) -> 0
H72: 出库 | I72: =SUM(J72:AO72) -> 300 | N72: 300
A73: 27 | B73: HHS型 | C73: M11*1.5-L28-M14*1.5-OD15 | D73: SUS303 | E73: 3415 | F73: pcs | G73: =E73+I73-I74 -> 1915 | H73: 入库 | I73: =SUM(J73:AO73) -> 0
H74: 出库 | I74: =SUM(J74:AO74) -> 1500 | N74: =1200+300 -> 1500
A75: 28 | B75: HHS型 | C75: M11*2.0-L16.2-M14*2.0-OD15 | D75: SUS303 | E75: 829 | F75: pcs | G75: =E75+I75-I76 -> 629 | H75: 入库 | I75: =SUM(J75:AO75) -> 0
H76: 出库 | I76: =SUM(J76:AO76) -> 200 | N76: 200
A77: 29 | B77: HHS型 | C77: M11*2.0-L28-M14*2.0-OD15 | D77: SUS303 | E77: 1130 | F77: pcs | G77: =E77+I77-I78 -> 930 | H77: 入库 | I77: =SUM(J77:AO77) -> 0
H78: 出库 | I78: =SUM(J78:AO78) -> 200 | N78: 200
A79: 30 | B79: HHS型 | C79: M11*2.0-L29.8-M14*2.0-OD15 | D79: SUS303 | E79: 245 | F79: pcs | G79: =E79+I79-I80 -> 245 | H79: 入库 | I79: =SUM(J79:AO79) -> 0
H80: 出库 | I80: =SUM(J80:AO80) -> 0
A81: 31 | B81: HHS型 | C81: M11*2.0-L30-M14*2.0-OD15 | D81: SUS303 | E81: 724 | F81: pcs | G81: =E81+I81-I82 -> 124 | H81: 入库 | I81: =SUM(J81:AO81) -> 0
H82: 出库 | I82: =SUM(J82:AO82) -> 600 | N82: 600
A83: 32 | B83: HHS型 | C83: M12*1.25-L9.4-M14*1.25-OD15 | D83: SUS303 | E83: 1150 | F83: pcs | G83: =E83+I83-I84 -> 850 | H83: 入库 | I83: =SUM(J83:AO83) -> 0
H84: 出库 | I84: =SUM(J84:AO84) -> 300 | N84: 300
A85: 32 | B85: HHS型 | C85: M12*1.25-L12.7-M14*1.25-OD15 | D85: SUS303 | E85: 1025 | F85: pcs | G85: =E85+I85-I86 -> 725 | H85: 入库 | I85: =SUM(J85:AO85) -> 0
H86: 出库 | I86: =SUM(J86:AO86) -> 300 | N86: 300
A87: 32 | B87: HHS型 | C87: M12*1.25-L16.2-M14*1.25-OD15 | D87: SUS303 | E87: 1055 | F87: pcs | G87: =E87+I87-I88 -> 515 | H87: 入库 | I87: =SUM(J87:AO87) -> 0
H88: 出库 | I88: =SUM(J88:AO88) -> 540 | N88: =300+240 -> 540
A89: 32 | B89: HHS型 | C89: M12*1.25-L17-M14*1.25-OD15 | D89: SUS303 | E89: 2550 | F89: pcs | G89: =E89+I89-I90 -> 2550 | H89: 入库 | I89: =SUM(J89:AO89) -> 0
H90: 出库 | I90: =SUM(J90:AO90) -> 0
A91: 33 | B91: HHS型 | C91: M12*1.25-L17-M14*1.25-OD15 | D91: 1215黄锌 | E91: 325 | F91: pcs | G91: =E91+I91-I92 -> 325 | H91: 入库 | I91: =SUM(J91:AO91) -> 0
H92: 出库 | I92: =SUM(J92:AO92) -> 0
A93: 34 | B93: HHS型 | C93: M12*1.25-L24.5-M14*1.25-OD15 | D93: SUS303 | E93: 623 | F93: pcs | G93: =E93+I93-I94 -> 323 | H93: 入库 | I93: =SUM(J93:AO93) -> 0
H94: 出库 | I94: =SUM(J94:AO94) -> 300 | N94: 300
A95: 35 | B95: HHS型 | C95: M12*1.25-L25-M14*1.25-OD15 | D95: SUS303 | E95: 690 | F95: pcs | G95: =E95+I95-I96 -> 690 | H95: 入库 | I95: =SUM(J95:AO95) -> 0
H96: 出库 | I96: =SUM(J96:AO96) -> 0
A97: 35 | B97: HHS型 | C97: M12*1.25-L28.2-M14*1.25-OD15 | D97: SUS303 | E97: 390 | F97: pcs | G97: =E97+I97-I98 -> 90 | H97: 入库 | I97: =SUM(J97:AO97) -> 0
H98: 出库 | I98: =SUM(J98:AO98) -> 300 | N98: 300
A99: 36 | B99: HHS型 | C99: M12*1.5-L9.2-M14*1.5-OD15 | D99: SUS303 | E99: 1130 | F99: pcs | G99: =E99+I99-I100 -> 1130 | H99: 入库 | I99: =SUM(J99:AO99) -> 0
H100: 出库 | I100: =SUM(J100:AO100) -> 0
...

Sheet 密实螺套型
A1: MS型螺套库存明细
A2: 日期 | B2: ='302槽型'!B2 -> 46023 | D2: 本月入库统计 | H2: 每日入库统计 | J2: =SUMIF($H:$H,$H$25,J:J) -> 0 | K2: =SUMIF($H:$H,$H$25,K:K) -> 0 | L2: =SUMIF($H:$H,$H$25,L:L) -> 0 | M2: =SUMIF($H:$H,$H$25,M:M) -> 0 | N2: =SUMIF($H:$H,$H$25,N:N) -> 0 | O2: =SUMIF($H:$H,$H$25,O:O) -> 0 | P2: =SUMIF($H:$H,$H$25,P:P) -> 0 | Q2: =SUMIF($H:$H,$H$25,Q:Q) -> 0 | R2: =SUMIF($H:$H,$H$25,R:R) -> 0 | S2: =SUMIF($H:$H,$H$25,S:S) -> 0 | T2: =SUMIF($H:$H,$H$25,T:T) -> 0 | U2: =SUMIF($H:$H,$H$25,U:U) -> 0 | V2: =SUMIF($H:$H,$H$25,V:V) -> 0 | W2: =SUMIF($H:$H,$H$25,W:W) -> 0 | X2: =SUMIF($H:$H,$H$25,X:X) -> 0 | Y2: =SUMIF($H:$H,$H$25,Y:Y) -> 0 | Z2: =SUMIF($H:$H,$H$25,Z:Z) -> 0 | AA2: =SUMIF($H:$H,$H$25,AA:AA) -> 0 | AB2: =SUMIF($H:$H,$H$25,AB:AB) -> 0 | AC2: =SUMIF($H:$H,$H$25,AC:AC) -> 0 | AD2: =SUMIF($H:$H,$H$25,AD:AD) -> 0 | AE2: =SUMIF($H:$H,$H$25,AE:AE) -> 0 | AF2: =SUMIF($H:$H,$H$25,AF:AF) -> 0 | AG2: =SUMIF($H:$H,$H$25,AG:AG) -> 0 | AH2: =SUMIF($H:$H,$H$25,AH:AH) -> 0 | AI2: =SUMIF($H:$H,$H$25,AI:AI) -> 0 | AJ2: =SUMIF($H:$H,$H$25,AJ:AJ) -> 0 | AK2: =SUMIF($H:$H,$H$25,AK:AK) -> 0 | AL2: =SUMIF($H:$H,$H$25,AL:AL) -> 0 | AM2: =SUMIF($H:$H,$H$25,AM:AM) -> 0 | AN2: =SUMIF($H:$H,$H$25,AN:AN) -> 0
D3: 本月出库统计 | H3: 每日出库统计 | J3: =SUMIF($H:$H,$H$26,J:J) -> 0 | K3: =SUMIF($H:$H,$H$26,K:K) -> 0 | L3: =SUMIF($H:$H,$H$26,L:L) -> 0 | M3: =SUMIF($H:$H,$H$26,M:M) -> 0 | N3: =SUMIF($H:$H,$H$26,N:N) -> 0 | O3: =SUMIF($H:$H,$H$26,O:O) -> 0 | P3: =SUMIF($H:$H,$H$26,P:P) -> 0 | Q3: =SUMIF($H:$H,$H$26,Q:Q) -> 0 | R3: =SUMIF($H:$H,$H$26,R:R) -> 0 | S3: =SUMIF($H:$H,$H$26,S:S) -> 0 | T3: =SUMIF($H:$H,$H$26,T:T) -> 0 | U3: =SUMIF($H:$H,$H$26,U:U) -> 0 | V3: =SUMIF($H:$H,$H$26,V:V) -> 0 | W3: =SUMIF($H:$H,$H$26,W:W) -> 0 | X3: =SUMIF($H:$H,$H$26,X:X) -> 0 | Y3: =SUMIF($H:$H,$H$26,Y:Y) -> 0 | Z3: =SUMIF($H:$H,$H$26,Z:Z) -> 0 | AA3: =SUMIF($H:$H,$H$26,AA:AA) -> 0 | AB3: =SUMIF($H:$H,$H$26,AB:AB) -> 0 | AC3: =SUMIF($H:$H,$H$26,AC:AC) -> 0 | AD3: =SUMIF($H:$H,$H$26,AD:AD) -> 0 | AE3: =SUMIF($H:$H,$H$26,AE:AE) -> 0 | AF3: =SUMIF($H:$H,$H$26,AF:AF) -> 0 | AG3: =SUMIF($H:$H,$H$26,AG:AG) -> 0 | AH3: =SUMIF($H:$H,$H$26,AH:AH) -> 0 | AI3: =SUMIF($H:$H,$H$26,AI:AI) -> 0 | AJ3: =SUMIF($H:$H,$H$26,AJ:AJ) -> 0 | AK3: =SUMIF($H:$H,$H$26,AK:AK) -> 0 | AL3: =SUMIF($H:$H,$H$26,AL:AL) -> 0 | AM3: =SUMIF($H:$H,$H$26,AM:AM) -> 0 | AN3: =SUMIF($H:$H,$H$26,AN:AN) -> 0
A4: 序号 | B4: 类别 | C4: 规格 | D4: 材质 | E4: 上月结存 | F4: 单位 | G4: 现货 | H4: 入/出库 | I4: 汇总 | J4: ='302槽型'!J4 -> 46023 | K4: ='302槽型'!K4 -> 46024 | L4: ='302槽型'!L4 -> 46025 | M4: ='302槽型'!M4 -> 46026 | N4: ='302槽型'!N4 -> 46027 | O4: ='302槽型'!O4 -> 46028 | P4: ='302槽型'!P4 -> 46029 | Q4: ='302槽型'!Q4 -> 46030 | ... AN4: ='302槽型'!AN4 -> 46053
A5: 1 | B5: 密实螺套 | C5: M5*0.8-L7.6-M8*1.25-HD10*K1.0 | D5: SUS303 | E5: 105 | F5: pcs | G5: =E5+I5-I6 -> 105 | H5: 入库 | I5: =SUM(J5:AO5) -> 0
H6: 出库 | I6: =SUM(J6:AO6) -> 0
A7: 2 | B7: 密实螺套 | C7: M6*1.0-L9.4-M8*1.25-HD10*K1.0 | D7: SUS303 | E7: 50 | F7: pcs | G7: =E7+I7-I8 -> 50 | H7: 入库 | I7: =SUM(J7:AO7) -> 0
H8: 出库 | I8: =SUM(J8:AO8) -> 0
A9: 3 | B9: 密实螺套 | C9: M8*1.0-L11.7-M10*1.25-HD12*K1.0 | D9: SUS303 | E9: 190 | F9: pcs | G9: =E9+I9-I10 -> 190 | H9: 入库 | I9: =SUM(J9:AO9) -> 0
H10: 出库 | I10: =SUM(J10:AO10) -> 0
A11: 4 | B11: 密实螺套 | C11: M8*1.25-L11.7-M10*1.25-HD12*K1.0 | D11: SUS303 | E11: 55 | F11: pcs | G11: =E11+I11-I12 -> 55 | H11: 入库 | I11: =SUM(J11:AO11) -> 0
H12: 出库 | I12: =SUM(J12:AO12) -> 0
A13: 5 | B13: 密实螺套 | C13: M10*1.25-L14-M12*1.25-HD14*K*1.0 | D13: SUS303 | E13: 85 | F13: pcs | G13: =E13+I13-I14 -> 85 | H13: 入库 | I13: =SUM(J13:AO13) -> 0
H14: 出库 | I14: =SUM(J14:AO14) -> 0
A15: 6 | B15: 密实螺套 | C15: M10*1.5-L14-M12*1.25-HD14*K1.0 | D15: SUS303 | E15: 20 | F15: pcs | G15: =E15+I15-I16 -> 20 | H15: 入库 | I15: =SUM(J15:AO15) -> 0
H16: 出库 | I16: =SUM(J16:AO16) -> 0
A17: 7 | B17: 密实螺套 | C17: M11*1.25-L28.2-M14*1.25-HD16*K*1.0 | D17: SUS303 | E17: 90 | F17: pcs | G17: =E17+I17-I18 -> 90 | H17: 入库 | I17: =SUM(J17:AO17) -> 0
H18: 出库 | I18: =SUM(J18:AO18) -> 0
A19: 8 | B19: 密实螺套 | C19: M12*1.25-L15-M14*1.25-HD16*K*1.0 | D19: SUS303 | E19: 120 | F19: pcs | G19: =E19+I19-I20 -> 120 | H19: 入库 | I19: =SUM(J19:AO19) -> 0
H20: 出库 | I20: =SUM(J20:AO20) -> 0
A21: 9 | B21: 密实螺套 | C21: M12*1.5-L9.2-M14*1.25-HD16*K*1.0 | D21: SUS303 | E21: 25 | F21: pcs | G21: =E21+I21-I22 -> 25 | H21: 入库 | I21: =SUM(J21:AO21) -> 0
H22: 出库 | I22: =SUM(J22:AO22) -> 0
A23: 10 | B23: 密实螺套 | C23: M12*1.75-L16.2-M14*1.25-HD16*K*1.0 | D23: SUS303 | E23: 30 | F23: pcs | G23: =E23+I23-I24 -> 30 | H23: 入库 | I23: =SUM(J23:AO23) -> 0
H24: 出库 | I24: =SUM(J24:AO24) -> 0
A25: 11 | B25: 密实螺套 | C25: 3/8-16-L12.3-M12*1.25-HD14*K1.0 | D25: SUS303 | E25: 30 | F25: pcs | G25: =E25+I25-I26 -> 30 | H25: 入库 | I25: =SUM(J25:AO25) -> 0
H26: 出库 | I26: =SUM(J26:AO26) -> 0
A27: 12 | B27: 密实螺套 | C27: 5/16-18-L11.4-M10*1.25-HD12*K1.0 | D27: SUS303 | E27: 45 | F27: pcs | G27: =E27+I27-I28 -> 45 | H27: 入库 | I27: =SUM(J27:AO27) -> 0
H28: 出库 | I28: =SUM(J28:AO28) -> 0
A29: 13 | B29: 密实螺套 | C29: 7/16-L14-L15.2-M14*1.25-HD16*K*1.0 | D29: SUS303 | E29: 10 | F29: pcs | G29: =E29+I29-I30 -> 10 | H29: 入库 | I29: =SUM(J29:AO29) -> 0
H30: 出库 | I30: =SUM(J30:AO30) -> 0
A31: 14 | B31: 密实螺套 | C31: 3/8-16-L13.2-M12*1.25-HD14*K*1.0 | D31: SUS303 | E31: 25 | F31: pcs | G31: =E31+I31-I32 -> 25 | H31: 入库 | I31: =SUM(J31:AO31) -> 0
H32: 出库 | I32: =SUM(J32:AO32) -> 0
A33: 15 | F33: pcs | G33: =E33+I33-I34 -> 0 | H33: 入库 | I33: =SUM(J33:AO33) -> 0
H34: 出库 | I34: =SUM(J34:AO34) -> 0
A35: 16 | F35: pcs | G35: =E35+I35-I36 -> 0 | H35: 入库 | I35: =SUM(J35:AO35) -> 0
H36: 出库 | I36: =SUM(J36:AO36) -> 0
A37: 17 | F37: pcs | G37: =E37+I37-I38 -> 0 | H37: 入库 | I37: =SUM(J37:AO37) -> 0
H38: 出库 | I38: =SUM(J38:AO38) -> 0
A39: 18 | F39: pcs | G39: =E39+I39-I40 -> 0 | H39: 入库 | I39: =SUM(J39:AO39) -> 0
H40: 出库 | I40: =SUM(J40:AO40) -> 0
A41: 19 | F41: pcs | G41: =E41+I41-I42 -> 0 | H41: 入库 | I41: =SUM(J41:AO41) -> 0
H42: 出库 | I42: =SUM(J42:AO42) -> 0
A43: 20 | F43: pcs | G43: =E43+I43-I44 -> 0 | H43: 入库 | I43: =SUM(J43:AO43) -> 0
H44: 出库 | I44: =SUM(J44:AO44) -> 0
A45: 21 | E45: 0 | F45: pcs | G45: =E45+I45-I46 -> 0 | H45: 入库 | I45: =SUM(J45:AO45) -> 0
H46: 出库 | I46: =SUM(J46:AO46) -> 0
A47: 22 | E47: 0 | F47: pcs | G47: =E47+I47-I48 -> 0 | H47: 入库 | I47: =SUM(J47:AO47) -> 0
H48: 出库 | I48: =SUM(J48:AO48) -> 0
A49: 23 | E49: 0 | F49: pcs | G49: =E49+I49-I50 -> 0 | H49: 入库 | I49: =SUM(J49:AO49) -> 0
H50: 出库 | I50: =SUM(J50:AO50) -> 0
A51: 24 | E51: 0 | F51: pcs | G51: =E51+I51-I52 -> 0 | H51: 入库 | I51: =SUM(J51:AO51) -> 0
H52: 出库 | I52: =SUM(J52:AO52) -> 0
A53: 25 | E53: 0 | F53: pcs | G53: =E53+I53-I54 -> 0 | H53: 入库 | I53: =SUM(J53:AO53) -> 0
H54: 出库 | I54: =SUM(J54:AO54) -> 0
A55: 26 | E55: 0 | F55: pcs | G55: =E55+I55-I56 -> 0 | H55: 入库 | I55: =SUM(J55:AO55) -> 0
H56: 出库 | I56: =SUM(J56:AO56) -> 0
A57: 27 | E57: 0 | F57: pcs | G57: =E57+I57-I58 -> 0 | H57: 入库 | I57: =SUM(J57:AO57) -> 0
H58: 出库 | I58: =SUM(J58:AO58) -> 0
A59: 28 | E59: 0 | F59: pcs | G59: =E59+I59-I60 -> 0 | H59: 入库 | I59: =SUM(J59:AO59) -> 0
H60: 出库 | I60: =SUM(J60:AO60) -> 0
A61: 29 | E61: 0 | F61: pcs | G61: =E61+I61-I62 -> 0 | H61: 入库 | I61: =SUM(J61:AO61) -> 0
H62: 出库 | I62: =SUM(J62:AO62) -> 0
A63: 30 | E63: 0 | F63: pcs | G63: =E63+I63-I64 -> 0 | H63: 入库 | I63: =SUM(J63:AO63) -> 0
H64: 出库 | I64: =SUM(J64:AO64) -> 0
